cluster,pattern,code,n_mo_months
0,Общественное питание > Транспорт > Здоровье > Маркетплейсы > Продовольствие,1 -1 1 -1 -1 1 -1 1 1 -1,2310
1,Общественное питание > Здоровье > Транспорт > Маркетплейсы > Продовольствие,1 -1 1 1 -1 1 -1 1 1 -1,2267
2,Транспорт > Общественное питание > Здоровье > Маркетплейсы > Продовольствие,1 -1 1 -1 -1 1 -1 1 -1 -1,1539
3,Маркетплейсы > Продовольствие > Здоровье > Транспорт > Общественное питание,-1 1 -1 1 1 1 1 -1 -1 1,1117
4,Продовольствие > Маркетплейсы > Здоровье > Транспорт > Общественное питание,-1 1 -1 1 1 -1 1 -1 -1 1,1053
5,Маркетплейсы > Продовольствие > Здоровье > Общественное питание > Транспорт,-1 1 -1 1 1 1 1 -1 1 1,1044
6,Здоровье > Общественное питание > Транспорт > Маркетплейсы > Продовольствие,1 1 1 1 -1 1 -1 1 1 -1,966
7,Маркетплейсы > Продовольствие > Общественное питание > Здоровье > Транспорт,-1 -1 -1 1 1 1 1 -1 1 1,883
8,Маркетплейсы > Здоровье > Продовольствие > Транспорт > Общественное питание,-1 1 1 1 1 1 1 -1 -1 1,833
9,Продовольствие > Маркетплейсы > Здоровье > Общественное питание > Транспорт,-1 1 -1 1 1 -1 1 -1 1 1,826
10,Транспорт > Общественное питание > Маркетплейсы > Здоровье > Продовольствие,-1 -1 1 -1 -1 1 -1 1 -1 -1,792
11,Продовольствие > Здоровье > Маркетплейсы > Транспорт > Общественное питание,1 1 -1 1 1 -1 1 -1 -1 1,792
12,Маркетплейсы > Продовольствие > Общественное питание > Транспорт > Здоровье,-1 -1 -1 -1 1 1 1 -1 1 1,738
13,Продовольствие > Маркетплейсы > Общественное питание > Транспорт > Здоровье,-1 -1 -1 -1 1 -1 1 -1 1 1,731
14,Продовольствие > Маркетплейсы > Транспорт > Здоровье > Общественное питание,-1 1 -1 -1 1 -1 1 -1 -1 1,719
15,Маркетплейсы > Продовольствие > Транспорт > Здоровье > Общественное питание,-1 1 -1 -1 1 1 1 -1 -1 1,663
16,Продовольствие > Маркетплейсы > Транспорт > Общественное питание > Здоровье,-1 -1 -1 -1 1 -1 1 -1 -1 1,654
17,Продовольствие > Маркетплейсы > Общественное питание > Здоровье > Транспорт,-1 -1 -1 1 1 -1 1 -1 1 1,640
18,Транспорт > Общественное питание > Здоровье > Продовольствие > Маркетплейсы,1 -1 1 -1 -1 -1 -1 1 -1 -1,640
19,Продовольствие > Здоровье > Транспорт > Маркетплейсы > Общественное питание,1 1 -1 1 1 -1 -1 -1 -1 1,614
20,Общественное питание > Транспорт > Здоровье > Продовольствие > Маркетплейсы,1 -1 1 -1 -1 -1 -1 1 1 -1,599
21,Общественное питание > Транспорт > Маркетплейсы > Здоровье > Продовольствие,-1 -1 1 -1 -1 1 -1 1 1 -1,592
22,Продовольствие > Здоровье > Транспорт > Общественное питание > Маркетплейсы,1 1 -1 1 -1 -1 -1 -1 -1 1,591
23,Маркетплейсы > Здоровье > Продовольствие > Общественное питание > Транспорт,-1 1 1 1 1 1 1 -1 1 1,565
24,Маркетплейсы > Продовольствие > Транспорт > Общественное питание > Здоровье,-1 -1 -1 -1 1 1 1 -1 -1 1,562
25,Маркетплейсы > Общественное питание > Продовольствие > Здоровье > Транспорт,-1 -1 -1 1 1 1 1 1 1 1,558
26,Продовольствие > Общественное питание > Транспорт > Здоровье > Маркетплейсы,1 -1 -1 -1 -1 -1 -1 -1 1 1,506
27,Здоровье > Общественное питание > Транспорт > Продовольствие > Маркетплейсы,1 1 1 1 -1 -1 -1 1 1 -1,501
28,Здоровье > Продовольствие > Маркетплейсы > Транспорт > Общественное питание,1 1 1 1 1 -1 1 -1 -1 1,501
29,Продовольствие > Транспорт > Общественное питание > Здоровье > Маркетплейсы,1 -1 -1 -1 -1 -1 -1 -1 -1 1,497
30,Продовольствие > Транспорт > Здоровье > Общественное питание > Маркетплейсы,1 1 -1 -1 -1 -1 -1 -1 -1 1,478
31,Маркетплейсы > Общественное питание > Транспорт > Здоровье > Продовольствие,-1 -1 1 -1 1 1 1 1 1 -1,457
32,Продовольствие > Общественное питание > Транспорт > Маркетплейсы > Здоровье,-1 -1 -1 -1 -1 -1 -1 -1 1 1,456
33,Здоровье > Маркетплейсы > Продовольствие > Транспорт > Общественное питание,1 1 1 1 1 1 1 -1 -1 1,452
34,Маркетплейсы > Общественное питание > Продовольствие > Транспорт > Здоровье,-1 -1 -1 -1 1 1 1 1 1 1,451
35,Здоровье > Продовольствие > Транспорт > Общественное питание > Маркетплейсы,1 1 1 1 -1 -1 -1 -1 -1 1,449
36,Продовольствие > Здоровье > Маркетплейсы > Общественное питание > Транспорт,1 1 -1 1 1 -1 1 -1 1 1,442
37,Транспорт > Общественное питание > Продовольствие > Здоровье > Маркетплейсы,1 -1 -1 -1 -1 -1 -1 1 -1 -1,441
38,Продовольствие > Транспорт > Общественное питание > Маркетплейсы > Здоровье,-1 -1 -1 -1 -1 -1 -1 -1 -1 1,430
39,Здоровье > Продовольствие > Транспорт > Маркетплейсы > Общественное питание,1 1 1 1 1 -1 -1 -1 -1 1,423
40,Продовольствие > Транспорт > Здоровье > Маркетплейсы > Общественное питание,1 1 -1 -1 1 -1 -1 -1 -1 1,421
41,Общественное питание > Здоровье > Транспорт > Продовольствие > Маркетплейсы,1 -1 1 1 -1 -1 -1 1 1 -1,410
42,Маркетплейсы > Общественное питание > Транспорт > Продовольствие > Здоровье,-1 -1 -1 -1 1 1 1 1 1 -1,408
43,Продовольствие > Здоровье > Общественное питание > Транспорт > Маркетплейсы,1 1 -1 1 -1 -1 -1 -1 1 1,408
44,Маркетплейсы > Здоровье > Транспорт > Продовольствие > Общественное питание,-1 1 1 1 1 1 1 -1 -1 -1,400
45,Продовольствие > Общественное питание > Маркетплейсы > Транспорт > Здоровье,-1 -1 -1 -1 -1 -1 1 -1 1 1,393
46,Общественное питание > Маркетплейсы > Транспорт > Здоровье > Продовольствие,-1 -1 1 -1 -1 1 1 1 1 -1,388
47,Продовольствие > Транспорт > Маркетплейсы > Здоровье > Общественное питание,-1 1 -1 -1 1 -1 -1 -1 -1 1,358
48,Здоровье > Транспорт > Общественное питание > Продовольствие > Маркетплейсы,1 1 1 1 -1 -1 -1 1 -1 -1,355
49,Маркетплейсы > Здоровье > Общественное питание > Продовольствие > Транспорт,-1 1 1 1 1 1 1 1 1 1,348
50,Общественное питание > Транспорт > Продовольствие > Здоровье > Маркетплейсы,1 -1 -1 -1 -1 -1 -1 1 1 -1,348
51,Продовольствие > Транспорт > Маркетплейсы > Общественное питание > Здоровье,-1 -1 -1 -1 1 -1 -1 -1 -1 1,344
52,Транспорт > Общественное питание > Продовольствие > Маркетплейсы > Здоровье,-1 -1 -1 -1 -1 -1 -1 1 -1 -1,343
53,Продовольствие > Общественное питание > Здоровье > Транспорт > Маркетплейсы,1 -1 -1 1 -1 -1 -1 -1 1 1,341
54,Маркетплейсы > Общественное питание > Здоровье > Продовольствие > Транспорт,-1 -1 1 1 1 1 1 1 1 1,340
55,Здоровье > Продовольствие > Общественное питание > Транспорт > Маркетплейсы,1 1 1 1 -1 -1 -1 -1 1 1,325
56,Здоровье > Транспорт > Продовольствие > Общественное питание > Маркетплейсы,1 1 1 1 -1 -1 -1 -1 -1 -1,321
57,Продовольствие > Здоровье > Общественное питание > Маркетплейсы > Транспорт,1 1 -1 1 -1 -1 1 -1 1 1,298
58,Продовольствие > Общественное питание > Маркетплейсы > Здоровье > Транспорт,-1 -1 -1 1 -1 -1 1 -1 1 1,293
59,Транспорт > Общественное питание > Маркетплейсы > Продовольствие > Здоровье,-1 -1 -1 -1 -1 1 -1 1 -1 -1,291
60,Транспорт > Здоровье > Общественное питание > Продовольствие > Маркетплейсы,1 1 1 -1 -1 -1 -1 1 -1 -1,287
61,Транспорт > Здоровье > Общественное питание > Маркетплейсы > Продовольствие,1 1 1 -1 -1 1 -1 1 -1 -1,287
62,Транспорт > Продовольствие > Общественное питание > Здоровье > Маркетплейсы,1 -1 -1 -1 -1 -1 -1 -1 -1 -1,285
63,Здоровье > Транспорт > Общественное питание > Маркетплейсы > Продовольствие,1 1 1 1 -1 1 -1 1 -1 -1,281
64,Общественное питание > Транспорт > Маркетплейсы > Продовольствие > Здоровье,-1 -1 -1 -1 -1 1 -1 1 1 -1,280
65,Маркетплейсы > Общественное питание > Здоровье > Транспорт > Продовольствие,-1 -1 1 1 1 1 1 1 1 -1,280
66,Общественное питание > Маркетплейсы > Транспорт > Продовольствие > Здоровье,-1 -1 -1 -1 -1 1 1 1 1 -1,277
67,Здоровье > Маркетплейсы > Продовольствие > Общественное питание > Транспорт,1 1 1 1 1 1 1 -1 1 1,275
68,Маркетплейсы > Транспорт > Общественное питание > Здоровье > Продовольствие,-1 -1 1 -1 1 1 1 1 -1 -1,272
69,Маркетплейсы > Транспорт > Продовольствие > Здоровье > Общественное питание,-1 1 -1 -1 1 1 1 -1 -1 -1,261
70,Транспорт > Продовольствие > Здоровье > Общественное питание > Маркетплейсы,1 1 -1 -1 -1 -1 -1 -1 -1 -1,259
71,Продовольствие > Общественное питание > Здоровье > Маркетплейсы > Транспорт,1 -1 -1 1 -1 -1 1 -1 1 1,258
72,Здоровье > Маркетплейсы > Транспорт > Продовольствие > Общественное питание,1 1 1 1 1 1 1 -1 -1 -1,245
73,Маркетплейсы > Транспорт > Продовольствие > Общественное питание > Здоровье,-1 -1 -1 -1 1 1 1 -1 -1 -1,240
74,Здоровье > Продовольствие > Маркетплейсы > Общественное питание > Транспорт,1 1 1 1 1 -1 1 -1 1 1,238
75,Здоровье > Транспорт > Продовольствие > Маркетплейсы > Общественное питание,1 1 1 1 1 -1 -1 -1 -1 -1,236
76,Транспорт > Продовольствие > Общественное питание > Маркетплейсы > Здоровье,-1 -1 -1 -1 -1 -1 -1 -1 -1 -1,235
77,Общественное питание > Транспорт > Продовольствие > Маркетплейсы > Здоровье,-1 -1 -1 -1 -1 -1 -1 1 1 -1,235
78,Маркетплейсы > Здоровье > Транспорт > Общественное питание > Продовольствие,-1 1 1 1 1 1 1 1 -1 -1,233
79,Общественное питание > Маркетплейсы > Продовольствие > Здоровье > Транспорт,-1 -1 -1 1 -1 1 1 1 1 1,232
80,Общественное питание > Продовольствие > Транспорт > Здоровье > Маркетплейсы,1 -1 -1 -1 -1 -1 -1 1 1 1,229
81,Маркетплейсы > Транспорт > Общественное питание > Продовольствие > Здоровье,-1 -1 -1 -1 1 1 1 1 -1 -1,226
82,Общественное питание > Маркетплейсы > Продовольствие > Транспорт > Здоровье,-1 -1 -1 -1 -1 1 1 1 1 1,223
83,Транспорт > Маркетплейсы > Общественное питание > Продовольствие > Здоровье,-1 -1 -1 -1 1 1 -1 1 -1 -1,220
84,Общественное питание > Продовольствие > Маркетплейсы > Здоровье > Транспорт,-1 -1 -1 1 -1 -1 1 1 1 1,218
85,Транспорт > Здоровье > Продовольствие > Общественное питание > Маркетплейсы,1 1 1 -1 -1 -1 -1 -1 -1 -1,215
86,Транспорт > Маркетплейсы > Общественное питание > Здоровье > Продовольствие,-1 -1 1 -1 1 1 -1 1 -1 -1,212
87,Здоровье > Общественное питание > Продовольствие > Транспорт > Маркетплейсы,1 1 1 1 -1 -1 -1 1 1 1,211
88,Маркетплейсы > Здоровье > Общественное питание > Транспорт > Продовольствие,-1 1 1 1 1 1 1 1 1 -1,210
89,Общественное питание > Продовольствие > Здоровье > Транспорт > Маркетплейсы,1 -1 -1 1 -1 -1 -1 1 1 1,205
90,Маркетплейсы > Транспорт > Здоровье > Продовольствие > Общественное питание,-1 1 1 -1 1 1 1 -1 -1 -1,200
91,Общественное питание > Здоровье > Маркетплейсы > Транспорт > Продовольствие,1 -1 1 1 -1 1 1 1 1 -1,191
92,Общественное питание > Продовольствие > Транспорт > Маркетплейсы > Здоровье,-1 -1 -1 -1 -1 -1 -1 1 1 1,189
93,Общественное питание > Маркетплейсы > Здоровье > Транспорт > Продовольствие,-1 -1 1 1 -1 1 1 1 1 -1,183
94,Общественное питание > Продовольствие > Здоровье > Маркетплейсы > Транспорт,1 -1 -1 1 -1 -1 1 1 1 1,181
95,Здоровье > Продовольствие > Общественное питание > Маркетплейсы > Транспорт,1 1 1 1 -1 -1 1 -1 1 1,180
96,Общественное питание > Здоровье > Продовольствие > Транспорт > Маркетплейсы,1 -1 1 1 -1 -1 -1 1 1 1,177
97,Общественное питание > Продовольствие > Маркетплейсы > Транспорт > Здоровье,-1 -1 -1 -1 -1 -1 1 1 1 1,171
98,Общественное питание > Маркетплейсы > Здоровье > Продовольствие > Транспорт,-1 -1 1 1 -1 1 1 1 1 1,162
99,Транспорт > Маркетплейсы > Продовольствие > Общественное питание > Здоровье,-1 -1 -1 -1 1 1 -1 -1 -1 -1,152
100,Здоровье > Транспорт > Маркетплейсы > Продовольствие > Общественное питание,1 1 1 1 1 1 -1 -1 -1 -1,144
101,Здоровье > Маркетплейсы > Общественное питание > Транспорт > Продовольствие,1 1 1 1 1 1 1 1 1 -1,144
102,Транспорт > Продовольствие > Маркетплейсы > Здоровье > Общественное питание,-1 1 -1 -1 1 -1 -1 -1 -1 -1,142
103,Здоровье > Маркетплейсы > Транспорт > Общественное питание > Продовольствие,1 1 1 1 1 1 1 1 -1 -1,142
104,Здоровье > Транспорт > Маркетплейсы > Общественное питание > Продовольствие,1 1 1 1 1 1 -1 1 -1 -1,141
105,Транспорт > Продовольствие > Маркетплейсы > Общественное питание > Здоровье,-1 -1 -1 -1 1 -1 -1 -1 -1 -1,138
106,Здоровье > Общественное питание > Маркетплейсы > Транспорт > Продовольствие,1 1 1 1 -1 1 1 1 1 -1,136
107,Здоровье > Общественное питание > Продовольствие > Маркетплейсы > Транспорт,1 1 1 1 -1 -1 1 1 1 1,134
108,Общественное питание > Здоровье > Продовольствие > Маркетплейсы > Транспорт,1 -1 1 1 -1 -1 1 1 1 1,127
109,Транспорт > Продовольствие > Здоровье > Маркетплейсы > Общественное питание,1 1 -1 -1 1 -1 -1 -1 -1 -1,127
110,Маркетплейсы > Транспорт > Здоровье > Общественное питание > Продовольствие,-1 1 1 -1 1 1 1 1 -1 -1,116
111,Транспорт > Здоровье > Маркетплейсы > Общественное питание > Продовольствие,1 1 1 -1 1 1 -1 1 -1 -1,114
112,Транспорт > Маркетплейсы > Здоровье > Общественное питание > Продовольствие,-1 1 1 -1 1 1 -1 1 -1 -1,107
113,Здоровье > Маркетплейсы > Общественное питание > Продовольствие > Транспорт,1 1 1 1 1 1 1 1 1 1,105
114,Транспорт > Маркетплейсы > Продовольствие > Здоровье > Общественное питание,-1 1 -1 -1 1 1 -1 -1 -1 -1,104
115,Общественное питание > Здоровье > Маркетплейсы > Продовольствие > Транспорт,1 -1 1 1 -1 1 1 1 1 1,100
116,Здоровье > Общественное питание > Маркетплейсы > Продовольствие > Транспорт,1 1 1 1 -1 1 1 1 1 1,87
117,Транспорт > Здоровье > Продовольствие > Маркетплейсы > Общественное питание,1 1 1 -1 1 -1 -1 -1 -1 -1,86
118,Транспорт > Здоровье > Маркетплейсы > Продовольствие > Общественное питание,1 1 1 -1 1 1 -1 -1 -1 -1,69
119,Транспорт > Маркетплейсы > Здоровье > Продовольствие > Общественное питание,-1 1 1 -1 1 1 -1 -1 -1 -1,58
120,Продовольствие > Транспорт > Маркетплейсы = Общественное питание > Здоровье,-1 -1 -1 -1 0 -1 -1 -1 -1 1,1
121,Маркетплейсы > Продовольствие > Общественное питание = Транспорт > Здоровье,-1 -1 -1 -1 1 1 1 -1 0 1,1
122,Маркетплейсы > Транспорт > Здоровье = Продовольствие > Общественное питание,-1 1 0 -1 1 1 1 -1 -1 -1,1
123,Общественное питание > Транспорт > Здоровье > Маркетплейсы = Продовольствие,1 -1 1 -1 -1 0 -1 1 1 -1,1
124,Общественное питание > Здоровье = Транспорт > Маркетплейсы > Продовольствие,1 -1 1 0 -1 1 -1 1 1 -1,1
125,Продовольствие > Здоровье = Транспорт > Общественное питание > Маркетплейсы,1 1 -1 0 -1 -1 -1 -1 -1 1,1
126,Здоровье = Продовольствие > Транспорт > Общественное питание > Маркетплейсы,1 1 0 1 -1 -1 -1 -1 -1 1,1
