territory_id,name,region_name,type,spend_rub,wage_2023,market_access,population,km_to_moscow,mean_sh_food_out
1207,Кировский муниципальный район,Калужская область,2,26409.96532860983,47223.2,351.8,37540.0,282.5087193643286,0.027495503227271085
2101,городской округ город Тверь,Тверская область,3,36034.053843074835,65117.7,414.9,412994.0,161.203687724555,0.05515735740866782
1198,городской округ город Калуга,Калужская область,3,35982.27705476036,65669.2,399.5,351103.0,163.18767938571486,0.05276589529841791
2164,городской округ город Тула,Тульская область,3,37005.376617422495,70678.6,404.0,538297.0,173.77186267769738,0.05074864640670854
986,городской округ город Владимир,Владимирская область,3,35127.678183584816,61288.3,408.0,346685.0,178.62325624701407,0.049068945429716675
1845,городской округ город Рязань,Рязанская область,3,34316.027737010016,63591.8,432.8,520509.0,184.09381415312797,0.05354413570016378
1707,городской округ город Орёл,Орловская область,3,30593.747772384075,52693.8,408.0,292406.0,325.1905605425453,0.050863153526146586
2044,городской округ город Смоленск,Смоленская область,3,33219.48411839501,56937.3,371.0,310645.0,369.0769009901743,0.05359212637167049
3009,городской округ город Тамбов,Тамбовская область,3,30616.749601573174,50125.0,410.2,288947.0,417.7471001799314,0.04593578686396072
1575,городской округ Великий Новгород,Новгородская область,3,35312.48939735484,62694.8,358.7,222340.0,492.9030100932147,0.05377868121986771
224,городской округ Сыктывкар,Республика Коми,4,35989.40676247884,72281.3,276.0,232811.0,1004.1387124299353,0.050102972115497225
1506,городской округ город Мурманск,Мурманская область,4,46889.063633802645,109287.2,214.9,266681.0,1486.9986293160794,0.06012621373583446
916,городской округ город Нарьян-Мар,Ненецкий автономный округ,4,46535.209683004934,102791.3,209.7,24266.0,1540.8361713705667,0.0556800020028754
2238,городской округ город Салехард,Ямало-Ненецкий автономный округ,4,54228.50500021762,151321.9,205.0,49236.0,1926.6579698981861,0.05024363740441615
309,городской округ город Якутск,Республика Саха (Якутия),4,44553.07859288502,107344.4,137.0,384979.0,4883.801312434028,0.08613209766072798
1430,городской округ город Магадан,Магаданская область,4,57523.94941771738,135145.6,119.2,94768.0,5903.97014785721,0.0550191926082182
2338,городской округ город Биробиджан,Еврейская автономная область,4,37787.49256239194,66253.0,147.1,67788.0,6006.358462946207,0.04337717495406129
2339,Биробиджанский муниципальный район,Еврейская автономная область,4,27697.52904541415,50966.5,173.3,9980.0,6006.358462946207,0.04050931312191442
2344,городской округ Анадырь,Чукотский автономный округ,4,68893.49746265437,172300.3,112.4,13412.0,6191.083475472095,0.05117742840828977
608,городской округ Петропавловск-Камчатский,Камчатский край,4,55364.17950487208,132021.4,157.3,163152.0,6775.143261014603,0.06817590640092445
1107,городской округ Иваново,Ивановская область,5,32754.406504434653,51303.2,405.9,358437.0,248.55496370533075,0.054740261644552285
2318,городской округ город Ярославль,Ярославская область,5,35535.80250122,64884.4,417.9,567443.0,250.12995950741256,0.05733177075237214
1303,городской округ город Кострома,Костромская область,5,30985.41338307663,55348.3,383.2,265761.0,301.1741866365514,0.05133348478344574
1410,городской округ город Липецк,Липецкая область,5,33715.89013216472,64336.9,399.3,485260.0,373.2600907576099,0.05230950823358655
1523,городской округ город Нижний Новгород,Нижегородская область,5,36060.62732990263,76098.7,367.7,1228702.0,401.65963814285504,0.051152121602064775
478,городской округ город Чебоксары,Чувашская Республика,5,29065.15288623177,60093.6,356.3,506480.0,600.4772526685572,0.06918023943602399
1764,городской округ город Псков,Псковская область,5,34126.569999363535,54130.0,324.2,187129.0,609.482895364887,0.05562652648647612
1397,Гатчинский муниципальный район,Ленинградская область,5,38730.38457169186,69875.3,346.2,261522.0,614.331161804757,0.055791375553786327
269,городской округ город Йошкар-Ола,Республика Марий Эл,5,27711.336661238034,57503.8,347.3,295711.0,642.8066744509097,0.06204579238685534
206,городской округ Петрозаводский,Республика Карелия,5,39955.89096080743,71274.3,280.5,235694.0,696.0765216745472,0.05962901488726239
2251,городской округ город Ульяновск,Ульяновская область,5,30739.671762097456,57176.9,349.5,632771.0,704.9494705834719,0.05256624130455185
354,городской округ город Казань,Республика Татарстан,5,34977.611604844766,77449.7,345.0,1318604.0,718.9417794172823,0.07790070486552411
2887,городской округ город Саратов,Саратовская область,5,31076.059722749636,59648.8,343.3,937364.0,726.2152967367795,0.06160506543979446
1258,городской округ город Киров,Кировская область,5,33658.71393132347,59430.6,315.7,500457.0,790.7999330229499,0.06454156937515138
1874,городской округ Самара,Самарская область,5,34858.9158320866,69148.7,384.7,1159044.0,859.0525984252947,0.06756598774712602
1007,городской округ город-герой Волгоград,Волгоградская область,5,31493.012892891224,59328.7,325.6,1018898.0,914.0613977080257,0.05813092877603478
418,городской округ город Ижевск,Удмуртская Республика,5,31849.622185417957,62842.3,324.0,618776.0,966.7109576409513,0.06560901434365458
890,городской округ город Архангельск,Архангельская область,5,38854.236690714344,80965.2,261.4,301376.0,990.103995140759,0.05914855441892931
1176,городской округ город Калининград,Калининградская область,5,37413.49934023923,67801.2,327.3,489584.0,1088.0980426348117,0.07918742736816796
727,городской округ Пермский,Пермский край,5,35361.13884842988,74374.9,350.9,1026912.0,1155.23977607334,0.06736630859357769
21,городской округ город Уфа,Республика Башкортостан,5,33478.63862449426,74150.2,374.3,1186715.0,1164.223002733689,0.07448208191324841
1665,городской округ город Оренбург,Оренбургская область,5,30757.85702114257,67632.3,345.2,550344.0,1227.5334444993932,0.05979096059159183
809,городской округ город Ставрополь,Ставропольский край,5,33993.61478263786,60218.6,310.0,557402.0,1229.8422666133154,0.06417246573912347
1,городской округ город Майкоп,Республика Адыгея,5,26932.191253956582,48392.4,309.6,161898.0,1252.1474236040797,0.054924128884783936
918,городской округ город Астрахань,Астраханская область,5,29843.98583803575,56972.7,285.7,465524.0,1271.3547378786093,0.056888631569318254
194,городской округ Черкесский,Карачаево-Черкесская Республика,5,24189.611634079258,48746.3,306.5,112782.0,1319.6458237496597,0.06396680745571222
1971,городской округ город Екатеринбург,Свердловская область,5,38748.95603934084,84542.6,298.5,1580109.0,1416.897617036834,0.07067977205199028
167,городской округ Нальчик,Кабардино-Балкарская Республика,5,25246.85413985713,46055.1,298.0,271464.0,1430.373310890704,0.06513972357857173
2275,городской округ Челябинский,Челябинская область,5,34367.52696434779,68685.0,297.8,1177058.0,1493.7204289369524,0.06142966687127496
345,городской округ город Владикавказ,Республика Северная Осетия — Алания,5,29954.409278965846,45649.6,291.4,309358.0,1503.2757830892338,0.06682434917271236
2190,городской округ город Тюмень,Тюменская область,5,41009.19678678906,90625.8,337.9,861098.0,1710.7603192722413,0.06671659702592557
1333,городской округ город Курган,Курганская область,5,29940.557966571992,60705.4,278.2,302354.0,1730.4921510632307,0.04012738997087991
2216,городской округ город Ханты-Мансийск,Ханты-Мансийский автономный округ — Югра,5,46059.686380395564,119189.4,238.7,111772.0,1900.0766428418433,0.07353937390699912
1632,городской округ город Омск,Омская область,5,32459.81298197788,65738.2,242.0,1104485.0,2235.5243989214614,0.0645341340141716
1597,городской округ город Новосибирск,Новосибирская область,5,36800.17588149612,78754.6,308.6,1633851.0,2815.091631017032,0.06707990553580125
2144,городской округ город Томск,Томская область,5,35356.34751028697,78099.9,260.4,565753.0,2876.566523763488,0.05900545457413581
504,городской округ город Барнаул,Алтайский край,5,32628.39416500698,58747.8,224.8,687601.0,2933.369113142325,0.060391926880726234
1224,городской округ Кемеровский,Кемеровская область,5,36123.60953519899,77793.8,246.0,544600.0,2985.843120409094,0.060339530557968896
666,городской округ город Красноярск,Красноярский край,5,38522.84173761077,83947.8,203.8,1206237.0,3352.8332500954884,0.06281020655053061
448,городской округ город Абакан,Республика Хакасия,5,30997.300102839254,69250.6,203.1,185804.0,3374.929109602091,0.055259826789472534
1134,городской округ город Иркутск,Иркутская область,5,37914.95946417991,86085.3,232.6,606369.0,4201.439099518426,0.06786711360114671
842,городской округ город Хабаровск,Хабаровский край,5,44817.72409084169,90275.7,173.3,615570.0,6139.4624828845945,0.06558074785263536
775,городской округ Владивостокский,Приморский край,5,46016.253610487176,97875.7,140.3,622782.0,6415.497485096204,0.06844092805651251
10,городской округ город Горно-Алтайск,Республика Алтай,6,29721.118485156498,61211.1,213.5,64508.0,3132.9743986378608,0.0496506266580428
