type,role,territory_id,name,region,dist_own,nearest_other_type,margin
0,типичное,1948,Татищевский муниципальный район,Саратовская область,1.1097255784650257,1,0.44477372645783864
0,типичное,559,Тальменский муниципальный район,Алтайский край,1.1933519429469681,1,0.8415112568578678
0,типичное,2315,Уйский муниципальный район,Челябинская область,1.2091505699004543,1,0.15936092904485877
0,типичное,444,муниципальный округ Шарканский район,Удмуртская Республика,1.2512098192525782,1,1.025900448893547
0,типичное,1703,Ташлинский муниципальный район,Оренбургская область,1.2929729008521063,1,0.7091100823604959
0,пограничное,1241,Гурьевский муниципальный округ,Кемеровская область,3.2600108669123626,6,-0.7862163951509578
0,пограничное,1257,Яшкинский муниципальный округ,Кемеровская область,3.3269504020483467,6,-0.7463808083976322
0,пограничное,443,муниципальный округ Увинский район,Удмуртская Республика,3.2071783787039974,6,-0.6879004133485593
1,типичное,1535,городской округ Сокольский,Нижегородская область,0.9836710142185461,0,0.9388612436063697
1,типичное,2059,Починковский муниципальный район,Смоленская область,1.0889451531756558,2,0.6824207453980677
1,типичное,271,городской округ город Козьмодемьянск,Республика Марий Эл,1.0993038903944632,2,0.622804654946872
1,типичное,1132,Южский муниципальный район,Ивановская область,1.117978871918484,2,1.3781152104932062
1,типичное,1306,городской округ город Галич,Костромская область,1.125621677078458,2,1.138001080281117
1,пограничное,1178,городской округ Мамоновский,Калининградская область,6.043239214187402,0,-0.4895623973772132
1,пограничное,1902,Похвистневский муниципальный район,Самарская область,4.296827220904786,2,-0.4633546795780359
1,пограничное,695,Ермаковский муниципальный район,Красноярский край,2.7519682672578964,6,-0.4331113938658957
2,типичное,2080,Жердевский муниципальный округ,Тамбовская область,0.852421402513898,1,1.1480684370863568
2,типичное,2072,городской округ город Кирсанов,Тамбовская область,0.9636315780391096,0,1.167866275006227
2,типичное,2255,Барышский муниципальный район,Ульяновская область,1.0471134350086269,0,0.5735686169632257
2,типичное,1030,Николаевский муниципальный район,Волгоградская область,1.1020469476547672,1,0.8474849193708485
2,типичное,1025,Котельниковский муниципальный район,Волгоградская область,1.1807258518051058,1,0.6158307879103513
2,пограничное,1904,Сергиевский муниципальный район,Самарская область,2.8158506381045036,0,-0.6476535111818298
2,пограничное,487,Ибресинский муниципальный округ,Чувашская Республика,4.131167409818969,0,-0.6227782935543056
2,пограничное,2264,Новоспасский муниципальный район,Ульяновская область,4.901343817139212,1,-0.453282340941195
3,типичное,2493,внутригородская территория города федерального значения муниципальный округ Силино,Москва,0.778780164850656,5,1.3567940307201565
3,типичное,1465,городской округ Люберцы,Московская область,0.7999031323075355,5,1.795972436102907
3,типичное,2814,городской округ Пушкинский,Московская область,0.8322951280580718,5,1.3675881055559374
3,типичное,2523,внутригородская территория города федерального значения муниципальный округ Северное Медведково,Москва,0.8403911801565861,5,1.9262812707376114
3,типичное,1443,городской округ Дзержинский,Московская область,0.8642151728198242,5,1.7378045736868242
3,пограничное,218,Прионежский муниципальный район,Республика Карелия,4.136477787612798,6,-1.4283032037408536
3,пограничное,2044,городской округ город Смоленск,Смоленская область,2.428014378987703,5,-1.3250893334752307
3,пограничное,1009,городской округ город Камышин,Волгоградская область,3.6826894247759556,5,-1.276155822279414
4,типичное,229,городской округ Ухта,Республика Коми,1.241333417132309,5,1.3704577764338446
4,типичное,807,Шкотовский муниципальный округ,Приморский край,1.4224067057307397,6,1.262912321301747
4,типичное,856,Советско-Гаванский муниципальный район,Хабаровский край,1.4284052012767032,6,1.8610946404706794
4,типичное,1231,городской округ Междуреченский,Кемеровская область,1.5178263398052187,5,0.9126811954680816
4,типичное,847,Ванинский муниципальный район,Хабаровский край,1.5756373501405263,6,1.6886733993260643
4,пограничное,791,Красноармейский муниципальный округ,Приморский край,5.592467111945113,0,-1.0028573914454624
4,пограничное,2342,Октябрьский муниципальный район,Еврейская автономная область,5.189868418749099,0,-0.9106483075469711
4,пограничное,708,Мотыгинский муниципальный район,Красноярский край,7.053212570625373,0,-0.8585916979552577
5,типичное,2392,внутригородская территория города федерального значения город Колпино,Санкт-Петербург,0.7532518628752222,3,1.083746406737741
5,типичное,1977,городской округ Березовский,Свердловская область,0.7880890798326037,3,1.739924364311827
5,типичное,1979,городской округ Верхняя Пышма,Свердловская область,0.9051104593480871,3,1.5229332937681215
5,типичное,1874,городской округ Самара,Самарская область,0.9281756819246354,3,1.0803825117607313
5,типичное,418,городской округ город Ижевск,Удмуртская Республика,0.9751606880365777,3,1.7795852503700154
5,пограничное,1980,городской округ Среднеуральск,Свердловская область,3.958841026587126,0,-1.3384056656205296
5,пограничное,374,Заинский муниципальный район,Республика Татарстан,2.9126898297515393,6,-1.1717094022064494
5,пограничное,388,Пестречинский муниципальный район,Республика Татарстан,4.159305487201747,6,-1.0686108490185124
6,типичное,515,Алтайский муниципальный район,Алтайский край,0.8446851792993371,4,2.0661759488483398
6,типичное,1148,Заларинский муниципальный район,Иркутская область,1.4497673721332163,0,1.6014902736583134
6,типичное,1137,городской округ Зима,Иркутская область,1.451893439136127,4,0.9107041962976774
6,типичное,1249,Промышленновский муниципальный округ,Кемеровская область,1.502535753130196,0,1.3695256259069657
6,типичное,459,Усть-Абаканский муниципальный район,Республика Хакасия,1.5157219490756786,4,1.1736861748483562
6,пограничное,2199,Вагайский муниципальный район,Тюменская область,3.698117712417436,0,-0.782390407509578
6,пограничное,1662,Усть-Ишимский муниципальный район,Омская область,8.976503527724022,0,-0.6169194828266455
6,пограничное,546,Петропавловский муниципальный район,Алтайский край,3.4278115233211324,0,-0.5770168655070838
