,q25,q50,q75
mean_sh_grocery,0.39774664691317646,0.45173047385567333,0.48489275285054856
mean_sh_market,0.11665608325805678,0.13664124939559535,0.16018372632687655
mean_sh_food_out,0.015947294334230505,0.02586489316620992,0.046719961065982696
mean_sh_transport,0.048569939767760105,0.056921918974205676,0.06892675237869947
mean_sh_health,0.04367008536764237,0.04895678012218119,0.05433380805165939
mean_sh_other,0.24580487897146058,0.280157956706204,0.31676347403959704
mean_log_level,9.953098282738999,10.116438521764024,10.396991785918791
market_access,250.72500000000002,322.8,367.2
trend_sh_market,0.03825971748402468,0.04651438812565198,0.055351954923413674
trend_log_level,0.13070032052713051,0.15754584710434125,0.18250770631162055
