type,rule,generator,n_extent,n_in_type,precision,coverage,f1,lift,delta,sigma_low,sigma_up,extent_by_type
0,доля продуктов — выше медианы И доля маркетплейсов — ниже медианы И уровень трат — ниже медианы,доля продуктов — выше медианы И доля маркетплейсов — ниже медианы И уровень трат — ниже медианы,292,234,0.8013698630136986,0.6206896551724138,0.6995515695067265,4.285309400094473,62,1.0,1.0,0: 234; 1: 22; 2: 4; 4: 1; 6: 31
0,доля маркетплейсов — ниже медианы И уровень трат — ниже медианы,доля маркетплейсов — ниже медианы И уровень трат — ниже медианы,357,256,0.7170868347338936,0.6790450928381963,0.6975476839237057,3.8346075830862847,65,1.0,1.0,0: 256; 1: 22; 2: 4; 4: 6; 5: 6; 6: 63
0,доля маркетплейсов — ниже медианы И уровень трат — ниже медианы И тренд доли маркетплейсов — выше медианы,доля маркетплейсов — ниже медианы И уровень трат — ниже медианы И тренд доли маркетплейсов — выше медианы,274,218,0.7956204379562044,0.5782493368700266,0.6697388632872504,4.254564463978006,45,0.9999999999999716,0.9999999999999716,0: 218; 1: 13; 4: 5; 5: 3; 6: 35
1,доля маркетплейсов — выше медианы И доля транспорта — ниже медианы И доля здоровья — ниже медианы,доля маркетплейсов — выше медианы И доля транспорта — ниже медианы И доля здоровья — ниже медианы,394,263,0.6675126903553299,0.7690058479532164,0.7146739130434782,3.9348116484103657,93,1.0,1.0,0: 38; 1: 263; 2: 42; 3: 7; 4: 40; 5: 2; 6: 2
1,доля транспорта — ниже медианы И доля здоровья — ниже медианы И доля прочего — ниже медианы,доля транспорта — ниже медианы И доля здоровья — ниже медианы И доля прочего — ниже медианы,387,248,0.6408268733850129,0.7251461988304093,0.6803840877914952,3.77750577995376,43,0.9999999999998862,0.9999999999998863,0: 87; 1: 248; 2: 42; 3: 2; 4: 7; 6: 1
1,доля продуктов — выше медианы И доля маркетплейсов — выше медианы И доля здоровья — ниже медианы,доля продуктов — выше медианы И доля маркетплейсов — выше медианы И доля здоровья — ниже медианы,335,227,0.6776119402985075,0.6637426900584795,0.6706056129985228,3.9943440691280436,18,0.9999961852736305,0.9999961853027344,0: 47; 1: 227; 2: 46; 4: 2; 6: 13
2,доля маркетплейсов — выше медианы И доля здоровья — выше медианы И доля прочего — ниже медианы,доля маркетплейсов — выше медианы И доля здоровья — выше медианы И доля прочего — ниже медианы,341,259,0.7595307917888563,0.7254901960784313,0.7421203438395416,4.289115059513541,38,0.9999999999963616,0.999999999996362,0: 50; 1: 23; 2: 259; 3: 6; 5: 3
2,доля маркетплейсов — выше медианы И доля здоровья — выше медианы И уровень трат — ниже медианы,доля маркетплейсов — выше медианы И доля здоровья — выше медианы И уровень трат — ниже медианы,336,250,0.7440476190476191,0.7002801120448179,0.7215007215007214,4.201680672268908,33,0.9999999998833573,0.9999999998835847,0: 54; 1: 20; 2: 250; 5: 10; 6: 2
2,доля маркетплейсов — выше медианы И доля общепита — ниже медианы И доля здоровья — выше медианы,доля маркетплейсов — выше медианы И доля общепита — ниже медианы И доля здоровья — выше медианы,310,236,0.7612903225806451,0.6610644257703081,0.7076461769115443,4.299051233396584,16,0.9999837875366211,0.9999847412109375,0: 51; 1: 22; 2: 236; 6: 1
3,уровень трат — выше медианы И доступность рынков — верхняя четверть И тренд доли маркетплейсов — ниже медианы,уровень трат — выше медианы И доступность рынков — верхняя четверть И тренд доли маркетплейсов — ниже медианы,365,230,0.6301369863013698,0.9163346613545816,0.7467532467532466,5.0611799377831135,7,0.990173339836474,0.9921875,1: 9; 2: 20; 3: 230; 4: 2; 5: 103; 6: 1
3,доля продуктов — ниже медианы И уровень трат — выше медианы И доступность рынков — верхняя четверть,доля продуктов — ниже медианы И уровень трат — выше медианы И доступность рынков — верхняя четверть,383,235,0.6135770234986945,0.9362549800796812,0.7413249211356466,4.928172427782343,13,0.9998740851878551,0.9998779296875,1: 12; 2: 24; 3: 235; 4: 4; 5: 107; 6: 1
3,доля общепита — выше медианы И доступность рынков — верхняя четверть,доля общепита — выше медианы И доступность рынков — верхняя четверть,385,235,0.6103896103896104,0.9362549800796812,0.7389937106918238,4.902571532053604,9,0.9970693513750675,0.998046875,1: 15; 2: 21; 3: 235; 4: 4; 5: 109; 6: 1
4,доля прочего — выше медианы И уровень трат — выше медианы И доступность рынков — нижняя четверть,доля прочего — выше медианы И уровень трат — выше медианы И доступность рынков — нижняя четверть,261,207,0.7931034482758621,0.7695167286245354,0.7811320754716983,5.943853352134342,40,0.9999999999990762,0.9999999999990905,0: 6; 1: 3; 2: 1; 4: 207; 5: 23; 6: 21
4,доля прочего — выше медианы И уровень трат — выше медианы И доступность рынков — ниже медианы,доля прочего — выше медианы И уровень трат — выше медианы И доступность рынков — ниже медианы,399,249,0.6240601503759399,0.9256505576208178,0.7455089820359281,4.676971238505185,80,1.0,1.0,0: 9; 1: 19; 2: 2; 3: 1; 4: 249; 5: 92; 6: 27
4,уровень трат — выше медианы И доступность рынков — нижняя четверть,уровень трат — выше медианы И доступность рынков — нижняя четверть,309,213,0.6893203883495146,0.79182156133829,0.7370242214532874,5.166059118634281,48,0.9999999999999956,0.9999999999999964,0: 13; 1: 20; 2: 1; 4: 213; 5: 23; 6: 39
5,доля маркетплейсов — нижняя четверть И доля транспорта — выше медианы И тренд уровня трат — выше медианы,доля маркетплейсов — нижняя четверть И доля транспорта — выше медианы И тренд уровня трат — выше медианы,233,145,0.6223175965665236,0.5234657039711191,0.5686274509803921,4.529213988007623,13,0.999749660433733,0.9998779296875,0: 5; 3: 51; 4: 16; 5: 145; 6: 16
5,доля маркетплейсов — нижняя четверть И доля здоровья — выше медианы И тренд уровня трат — выше медианы,доля маркетплейсов — нижняя четверть И доля здоровья — выше медианы И тренд уровня трат — выше медианы,210,136,0.6476190476190476,0.49097472924187724,0.5585215605749487,4.713357400722021,8,0.9931335449179954,0.99609375,0: 6; 3: 51; 4: 11; 5: 136; 6: 6
5,доля маркетплейсов — нижняя четверть И доля общепита — выше медианы И доля здоровья — выше медианы,доля маркетплейсов — нижняя четверть И доля общепита — выше медианы И доля здоровья — выше медианы,232,140,0.603448275862069,0.5054151624548736,0.5500982318271119,4.39188348064235,15,0.9999656002037227,0.999969482421875,0: 18; 3: 51; 4: 16; 5: 140; 6: 7
6,доля транспорта — верхняя четверть И доля здоровья — ниже медианы И доступность рынков — ниже медианы,доля транспорта — верхняя четверть И доля здоровья — ниже медианы И доступность рынков — ниже медианы,82,62,0.7560975609756098,0.43356643356643354,0.5511111111111111,10.659389391096708,17,0.9999884937267078,0.9999923706054688,0: 1; 4: 13; 5: 6; 6: 62
6,доля транспорта — выше медианы И доля здоровья — ниже медианы И доступность рынков — нижняя четверть,доля транспорта — выше медианы И доля здоровья — ниже медианы И доступность рынков — нижняя четверть,159,80,0.5031446540880503,0.5594405594405595,0.5298013245033113,7.09328407441615,50,0.9999999999999991,0.9999999999999991,0: 18; 1: 3; 2: 4; 4: 51; 5: 3; 6: 80
6,доля транспорта — верхняя четверть И доступность рынков — нижняя четверть,доля транспорта — верхняя четверть И доступность рынков — нижняя четверть,89,58,0.651685393258427,0.40559440559440557,0.5,9.187396872790131,18,0.9999958832611202,0.9999961853027344,0: 3; 4: 14; 5: 14; 6: 58
