type,feature,feature_ru,dev_sigma,contrib
0,mean_sh_health,доля здоровья,0.032640760954170116,1.3632979035774317e-05
0,mean_sh_market,доля маркетплейсов,-0.3759908079535011,0.0018089421249147203
0,mean_sh_food_out,доля общепита,-0.6530328756904896,0.005456828542546826
0,mean_sh_grocery,доля продуктов,0.86931472534875,0.009669951357853932
0,mean_sh_transport,доля транспорта,-0.3277997375698424,0.0013629462921270004
0,mean_sh_other,доля прочего,-0.509608826849329,0.003323105280395456
0,mean_log_level,уровень трат,-0.9197037431253604,0.01082346021558297
0,trend_sh_health,тренд доли здоровья,-0.5361310797963765,0.00346425342878523
0,trend_sh_market,тренд доли маркетплейсов,0.7793436901110263,0.007632937961849291
0,trend_sh_food_out,тренд доли общепита,-0.4587144242202124,0.002263172542354184
0,trend_sh_grocery,тренд доли продуктов,-0.1884826534226226,0.0004319550212360288
0,trend_sh_transport,тренд доли транспорта,-0.5630010299537238,0.004009092529542943
0,trend_sh_other,тренд доли прочего,-0.3092279786722944,0.0011498767181397792
0,trend_log_level,тренд уровня трат,-0.6003726474909538,0.004578097062535557
0,market_access,доступность рынков,-0.36198271823124256,0.0016557354292923833
1,mean_sh_health,доля здоровья,-0.8269692600650638,0.007938413293266588
1,mean_sh_market,доля маркетплейсов,0.7275126059333188,0.00614378513437491
1,mean_sh_food_out,доля общепита,-0.6458487382073193,0.00484190878623441
1,mean_sh_grocery,доля продуктов,0.6457993335657377,0.004841168044309465
1,mean_sh_transport,доля транспорта,-0.9280790011255239,0.009910970602821275
1,mean_sh_other,доля прочего,-0.645888639555657,0.004842507083159679
1,mean_log_level,уровень трат,-0.4062382401277116,0.001915651822556312
1,trend_sh_health,тренд доли здоровья,0.01811663403315634,3.5884546796970358e-06
1,trend_sh_market,тренд доли маркетплейсов,0.4218171210000238,0.002028461866785877
1,trend_sh_food_out,тренд доли общепита,-0.2937724744224807,0.0008420537815337776
1,trend_sh_grocery,тренд доли продуктов,-0.16978415133978644,0.0003179616960293229
1,trend_sh_transport,тренд доли транспорта,-0.31936461539029687,0.0011702699379748248
1,trend_sh_other,тренд доли прочего,-0.1573820372973812,0.0002702021493044795
1,trend_log_level,тренд уровня трат,-0.5597805651415235,0.003610468735940206
1,market_access,доступность рынков,-0.05591381218988198,3.58375432885181e-05
2,mean_sh_health,доля здоровья,0.6075825980708176,0.004473091028058463
2,mean_sh_market,доля маркетплейсов,1.1338922607246307,0.015579039020983334
2,mean_sh_food_out,доля общепита,-0.701981984088033,0.005971026735200355
2,mean_sh_grocery,доля продуктов,0.3515075578155247,0.0014971538020063524
2,mean_sh_transport,доля транспорта,-0.22209040272104735,0.0005924449317650885
2,mean_sh_other,доля прочего,-0.9125512659968308,0.010090475374047978
2,mean_log_level,уровень трат,-0.6970908050359111,0.005888108327369075
2,trend_sh_health,тренд доли здоровья,-0.3791892024064012,0.0016409920502547084
2,trend_sh_market,тренд доли маркетплейсов,0.392470981088869,0.0018330556643646105
2,trend_sh_food_out,тренд доли общепита,-0.06961566897058406,4.935983959263459e-05
2,trend_sh_grocery,тренд доли продуктов,-0.09373632547305556,0.00010116690605313859
2,trend_sh_transport,тренд доли транспорта,-0.32033132611580784,0.0012290042658968932
2,trend_sh_other,тренд доли прочего,-0.1725229176300549,0.00033893324664462196
2,trend_log_level,тренд уровня трат,-0.07883118159668732,7.474224504600539e-05
2,market_access,доступность рынков,0.1668872268647417,0.00033326394436848997
3,mean_sh_health,доля здоровья,0.679757720733471,0.003936505716004995
3,mean_sh_market,доля маркетплейсов,-0.18151681657775262,0.00028069606278581565
3,mean_sh_food_out,доля общепита,1.405282763420127,0.016824029732244027
3,mean_sh_grocery,доля продуктов,-1.400874604424999,0.01671864641596783
3,mean_sh_transport,доля транспорта,0.943861146275926,0.007523330285436667
3,mean_sh_other,доля прочего,0.9516679598038333,0.00771566715307087
3,mean_log_level,уровень трат,1.479657862972321,0.018651991162545914
3,trend_sh_health,тренд доли здоровья,0.4606668211405359,0.001702840325130732
3,trend_sh_market,тренд доли маркетплейсов,-1.1857790206250154,0.011764502909249599
3,trend_sh_food_out,тренд доли общепита,0.5725705798560122,0.0023475956794265047
3,trend_sh_grocery,тренд доли продуктов,0.08283020191841804,5.553996018244546e-05
3,trend_sh_transport,тренд доли транспорта,0.7339430968674004,0.004536123316631136
3,trend_sh_other,тренд доли прочего,0.8506393791793435,0.005793180453466123
3,trend_log_level,тренд уровня трат,0.8504676715335733,0.006116333965253526
3,market_access,доступность рынков,1.8963448248031136,0.03025396226230894
4,mean_sh_health,доля здоровья,-0.9565413431429877,0.008353887801623184
4,mean_sh_market,доля маркетплейсов,-0.996292447397672,0.00906264196914815
4,mean_sh_food_out,доля общепита,0.17569006619925995,0.00028182243294486625
4,mean_sh_grocery,доля продуктов,-0.06102203347267307,3.399808837287067e-05
4,mean_sh_transport,доля транспорта,-0.544152618589531,0.0026798711667141116
4,mean_sh_other,доля прочего,0.9372769788614679,0.008020788177425615
4,mean_log_level,уровень трат,0.7301077014343262,0.004866928947030672
4,trend_sh_health,тренд доли здоровья,0.3706244565286739,0.0011812634448232831
4,trend_sh_market,тренд доли маркетплейсов,-0.40310244163287734,0.001457053413842311
4,trend_sh_food_out,тренд доли общепита,0.14503759129642424,0.00016143769910350805
4,trend_sh_grocery,тренд доли продуктов,0.25798246953332965,0.0005774136866405935
4,trend_sh_transport,тренд доли транспорта,0.35836963497175595,0.001159046979723985
4,trend_sh_other,тренд доли прочего,-0.029994112756497826,7.71927809166592e-06
4,trend_log_level,тренд уровня трат,-0.17955714135095457,0.0002921860620696321
4,market_access,доступность рынков,-1.142740730025956,0.011773934398072483
5,mean_sh_health,доля здоровья,0.822290961323248,0.006357109159843367
5,mean_sh_market,доля маркетплейсов,-0.5428553572451512,0.002770619535451589
5,mean_sh_food_out,доля общепита,1.2855359922606813,0.01553735600761891
5,mean_sh_grocery,доля продуктов,-1.1475718442965228,0.01238136151550457
5,mean_sh_transport,доля транспорта,0.9326872163427194,0.008107220903975615
5,mean_sh_other,доля прочего,0.8918071204901136,0.007477398165129687
5,mean_log_level,уровень трат,0.7999867902461995,0.006016920419098001
5,trend_sh_health,тренд доли здоровья,0.48076719338277674,0.0020468016343254563
5,trend_sh_market,тренд доли маркетплейсов,-0.6271798351629326,0.003632087292362518
5,trend_sh_food_out,тренд доли общепита,0.33410315457203366,0.000882129698024184
5,trend_sh_grocery,тренд доли продуктов,0.27283345656965224,0.0006650119078124905
5,trend_sh_transport,тренд доли транспорта,0.6394435217706178,0.0037998854414203393
5,trend_sh_other,тренд доли прочего,0.06545717675210894,3.785704191251084e-05
5,trend_log_level,тренд уровня трат,0.8064147479688202,0.006068740152774444
5,market_access,доступность рынков,0.14801768812639998,0.0002034140376024845
6,mean_sh_health,доля здоровья,-0.611700911426079,0.0018161142224151908
6,mean_sh_market,доля маркетплейсов,-0.3351467863043476,0.0005451738585891636
6,mean_sh_food_out,доля общепита,-0.2685233591651463,0.0003499685734649788
6,mean_sh_grocery,доля продуктов,0.08271770565634314,3.320946384061788e-05
6,mean_sh_transport,доля транспорта,1.198484901948019,0.006910689196488399
6,mean_sh_other,доля прочего,0.005388159516376344,1.409112908447495e-07
6,mean_log_level,уровень трат,-0.38367992664562983,0.0007145013621615897
6,trend_sh_health,тренд доли здоровья,-0.1202922375981626,6.615117781049415e-05
6,trend_sh_market,тренд доли маркетплейсов,0.011242926668978689,6.025417283132282e-07
6,trend_sh_food_out,тренд доли общепита,0.16070920690179308,0.00010536808208364607
6,trend_sh_grocery,тренд доли продуктов,-0.02219946967388656,2.2728754579535436e-06
6,trend_sh_transport,тренд доли транспорта,-0.15324919211330232,0.00011267271927903201
6,trend_sh_other,тренд доли прочего,0.05888517836529645,1.5816136141084726e-05
6,trend_log_level,тренд уровня трат,0.40129212233303985,0.0007758167577036637
6,market_access,доступность рынков,-0.794230249707741,0.003023450085045281
