indicator,indicator_ru,n,H,p,eta2_H
wage_2023,"зарплата 2023, ₽",2016,1117.3960267794537,3.592647900808428e-238,0.5532085748031128
wage_2024,"зарплата 2024, ₽",1866,1092.312475045919,9.606251456944492e-233,0.5843531334297574
employees_per_capita_2023,работники на жителя 2023,1986,357.9363028486505,3.0513647474715403e-74,0.17783542336970717
population,население,2016,883.3607145033077,1.4852884523835626e-187,0.4367151391255887
wage_rel_region_2023,зарплата 2023 к медиане МО региона,2016,190.62580875883532,1.872911916663475e-38,0.09189935727169503
emp_share_2023_A,доля занятых: сельское и лесное хозяйство,1079,259.3343651664077,4.1455925386491046e-53,0.23631937049105195
emp_share_2023_B,доля занятых: добыча,321,135.64487321150864,8.310206331201384e-27,0.41288176182009123
emp_share_2023_C,доля занятых: обрабатывающие производства,1141,98.11545958089937,6.202749519260963e-19,0.08123056400432044
emp_share_2023_F,доля занятых: строительство,670,23.12312420492094,0.0007562724917297935,0.025826733340755567
emp_share_2023_G,доля занятых: торговля,1926,641.8366328125135,2.1948842071531805e-135,0.33133748452971
emp_share_2023_H,доля занятых: транспорт и хранение,1461,36.71321373105783,2.0026864732872757e-06,0.021123255660975122
emp_share_2023_I,доля занятых: гостиницы и общепит,801,19.472249954740438,0.003436143794891497,0.01696756921251944
emp_share_2023_J,доля занятых: информация и связь,1041,99.75869002059468,2.8177110924037975e-19,0.0906757156872289
emp_share_2023_K,доля занятых: финансы и страхование,1335,111.64539364638894,9.218472769977446e-22,0.0795522542517989
emp_share_2023_M,доля занятых: профессиональная и научная,1599,90.90140617351473,1.968639849800922e-17,0.05333002900346403
emp_share_2023_O,доля занятых: госуправление,1954,440.51033427413444,5.409560985360002e-92,0.22316914960150716
emp_share_2023_P,доля занятых: образование,2004,518.893017842501,7.148687524164919e-109,0.2568317565560846
emp_share_2023_Q,доля занятых: здравоохранение,1786,244.57719787196828,5.909907617959038e-50,0.13410747491397879
