period,run,ari_vs_full,jaccard_type0,jaccard_type1,jaccard_type2,jaccard_type3,jaccard_type4,jaccard_type5,jaccard_type6
all,0,0.5953635354857948,0.5484949832775919,0.701058201058201,0.7631578947368421,0.5901639344262295,0.8055555555555556,0.43795620437956206,0.49130434782608695
all,1,0.7510301777087224,0.7535714285714286,0.8338192419825073,0.8543689320388349,0.639344262295082,0.917098445595855,0.5454545454545454,0.8169014084507042
all,2,0.7453622100124486,0.7874564459930313,0.8348623853211009,0.7904191616766467,0.8502994011976048,0.9030612244897959,0.7295081967213115,0.5914396887159533
all,3,0.5028487578160998,0.6148148148148148,0.6925287356321839,0.4918032786885246,0.5454545454545454,0.7729468599033816,0.27717391304347827,0.38924050632911394
all,4,0.4454986813298891,0.40716612377850164,0.5441595441595442,0.3875968992248062,0.6260162601626016,0.8564102564102564,0.43243243243243246,0.24512534818941503
all,5,0.7822380778808299,0.8308823529411765,0.8885448916408669,0.8115942028985508,0.8614457831325302,0.8780487804878049,0.7675438596491229,0.628099173553719
all,6,0.6566318414057095,0.6996805111821086,0.76775956284153,0.5630498533724341,0.9505494505494505,0.8401826484018264,0.706140350877193,0.483739837398374
all,7,0.6572315472297264,0.6126760563380281,0.7342857142857143,0.7976539589442815,0.6363636363636364,0.8564593301435407,0.5419847328244275,0.6272727272727273
all,8,0.5465801626956394,0.5934065934065934,0.6759002770083102,0.5872576177285319,0.6313868613138686,0.835,0.42,0.379182156133829
all,9,0.5233312228929241,0.5073746312684366,0.4845605700712589,0.43765281173594134,0.8756756756756757,0.8762886597938144,0.6869565217391305,0.5423076923076923
all,10,0.4521462436006953,0.5684931506849316,0.5805555555555556,0.43908629441624364,0.5296442687747036,0.7685185185185185,0.3473389355742297,0.2564102564102564
all,11,0.606046744096971,0.7946768060836502,0.8338368580060423,0.5106382978723404,0.6434108527131783,0.8472906403940886,0.4525316455696203,0.27450980392156865
all,12,0.7812713096308503,0.8935361216730038,0.8939393939393939,0.8660436137071651,0.6313725490196078,0.9081081081081082,0.5301204819277109,0.7254901960784313
all,13,0.5674153714261392,0.8455598455598455,0.7475728155339806,0.4175257731958763,0.6120996441281139,0.6150793650793651,0.28346456692913385,0.6050420168067226
all,14,0.8426833264012227,0.9306122448979591,0.9614147909967846,0.935064935064935,0.6260162601626016,0.9585492227979274,0.5645756457564576,0.8540540540540541
all,15,0.6772903282899739,0.5581395348837209,0.7430167597765364,0.7703081232492998,0.896969696969697,0.8472906403940886,0.7400881057268722,0.625
all,16,0.8554124836943451,0.8181818181818182,0.8627450980392157,0.8375,0.9545454545454546,0.9682539682539683,0.9529914529914529,0.8625592417061612
all,17,0.7805956902685528,0.7956989247311828,0.9116719242902208,0.8147058823529412,0.9318181818181818,0.8669950738916257,0.7111111111111111,0.5903614457831325
all,18,0.7386433501552422,0.7813620071684588,0.696319018404908,0.7262872628726287,0.8869047619047619,0.8974358974358975,0.831275720164609,0.8243243243243243
all,19,0.5120036933478354,0.596551724137931,0.603448275862069,0.5433673469387755,0.6,0.8235294117647058,0.36038961038961037,0.3643122676579926
all,20,0.7547491613946992,0.8181818181818182,0.8776119402985074,0.8829113924050633,0.5949367088607594,0.8844221105527639,0.5471698113207547,0.6301369863013698
all,21,0.5480971757261135,0.7480314960629921,0.7547770700636943,0.5067385444743935,0.453416149068323,0.7666666666666667,0.41114058355437666,0.475177304964539
all,22,0.7467152120248868,0.8260869565217391,0.7781065088757396,0.7755681818181818,0.8988095238095238,0.90625,0.7424892703862661,0.6382113821138211
all,23,0.8385008384829994,0.7526881720430108,0.821656050955414,0.8810975609756098,0.9824561403508771,0.8960396039603961,0.9372384937238494,0.8802083333333334
all,24,0.8140760979750687,0.9102040816326531,0.9433333333333334,0.9161290322580645,0.6190476190476191,0.9481865284974094,0.5474452554744526,0.7836538461538461
all,25,0.655579373533748,0.701067615658363,0.7790697674418605,0.7788778877887789,0.6549019607843137,0.8247422680412371,0.519163763066202,0.5761316872427984
all,26,0.5973556791011421,0.734982332155477,0.7521865889212828,0.6205882352941177,0.6398467432950191,0.8164251207729468,0.40397350993377484,0.3576923076923077
all,27,0.7834983551601501,0.8560606060606061,0.8757961783439491,0.8629283489096573,0.6613545816733067,0.9015544041450777,0.5714285714285714,0.8349514563106796
all,28,0.5627677647781566,0.5146579804560261,0.6235955056179775,0.671875,0.6290322580645161,0.8269230769230769,0.48863636363636365,0.5739130434782609
all,29,0.8054611140334791,0.8671586715867159,0.9155844155844156,0.8615384615384616,0.8875739644970414,0.9113300492610837,0.6935483870967742,0.5903614457831325
all,30,0.5809179439990961,0.8113207547169812,0.7570093457943925,0.5718390804597702,0.6260162601626016,0.8009478672985783,0.39209726443769,0.2783171521035599
all,31,0.7409478595534451,0.8615384615384616,0.8425925925925926,0.810126582278481,0.6439393939393939,0.8846153846153846,0.4827586206896552,0.7294685990338164
all,32,0.7519686676839764,0.8700787401574803,0.8652037617554859,0.7902298850574713,0.6516393442622951,0.895,0.5421686746987951,0.7464114832535885
all,33,0.7236531349646292,0.8345864661654135,0.8348348348348348,0.7355371900826446,0.8722222222222222,0.873015873015873,0.6470588235294118,0.5298804780876494
all,34,0.8595029283568905,0.9467680608365019,0.9672131147540983,0.9638157894736842,0.6,0.9682539682539683,0.54,0.8423645320197044
all,35,0.5352714508362322,0.46647230320699706,0.6897506925207756,0.5540540540540541,0.6640926640926641,0.8592964824120602,0.4657039711191336,0.4366812227074236
all,36,0.7617092818016374,0.8587360594795539,0.8487654320987654,0.8765432098765432,0.6206896551724138,0.8549222797927462,0.549618320610687,0.7453703703703703
all,37,0.7632269997356166,0.8481481481481481,0.8927444794952681,0.9113924050632911,0.576,0.8291457286432161,0.5369649805447471,0.6502242152466368
all,38,0.7385482225124662,0.7876712328767124,0.8359133126934984,0.8541033434650456,0.5867768595041323,0.8854166666666666,0.525691699604743,0.7559808612440191
all,39,0.7893295467130022,0.9034749034749034,0.8617363344051447,0.8676923076923077,0.6454183266932271,0.9020618556701031,0.562992125984252,0.8578680203045685
all,40,0.8032512911565313,0.8587786259541985,0.8670694864048338,0.8647798742138365,0.8957055214723927,0.9121951219512195,0.753968253968254,0.6160337552742616
all,41,0.5733477742607408,0.7706093189964157,0.6851851851851852,0.5864022662889519,0.6486486486486487,0.8095238095238095,0.4152823920265781,0.3914590747330961
all,42,0.46038770900899734,0.5230263157894737,0.517426273458445,0.38256658595641646,0.6286764705882353,0.8088235294117647,0.3926174496644295,0.22530864197530864
all,43,0.5985897708464164,0.808,0.8173076923076923,0.5647382920110193,0.6328125,0.8418367346938775,0.34234234234234234,0.3393939393939394
all,44,0.5870717738933422,0.7985074626865671,0.7799352750809061,0.46814404432132967,0.5548172757475083,0.8173076923076923,0.3427835051546392,0.4797047970479705
all,45,0.7732428587700025,0.8327137546468402,0.8382352941176471,0.8011869436201781,0.9069767441860465,0.9090909090909091,0.7393162393162394,0.6286919831223629
all,46,0.7477273738493089,0.8787878787878788,0.8214285714285714,0.7528409090909091,0.8941176470588236,0.8756218905472637,0.7086956521739131,0.5836575875486382
all,47,0.7355018096023345,0.7222222222222222,0.8427299703264095,0.878419452887538,0.6229508196721312,0.898989898989899,0.5393700787401575,0.6604651162790698
all,48,0.7983478880772403,0.8638132295719845,0.8723404255319149,0.8706624605678234,0.9011627906976745,0.8656716417910447,0.7276422764227642,0.636
all,49,0.7292119445096832,0.8525179856115108,0.8646864686468647,0.8596491228070176,0.5384615384615384,0.795,0.5019455252918288,0.6367521367521367
all,50,0.5832613234237661,0.8301158301158301,0.7931034482758621,0.5406162464985994,0.6039215686274509,0.7948717948717948,0.3681159420289855,0.3047337278106509
all,51,0.5823112661367802,0.5,0.5962566844919787,0.6825396825396826,0.6653061224489796,0.8708133971291866,0.5371900826446281,0.634703196347032
all,52,0.8065625363312563,0.8810408921933085,0.8888888888888888,0.8407079646017699,0.9634146341463414,0.8724489795918368,0.7336244541484717,0.592436974789916
all,53,0.7557802031041012,0.8175182481751825,0.8666666666666667,0.8633333333333333,0.626984126984127,0.9132653061224489,0.5355805243445693,0.7281553398058253
all,54,0.8005811330689286,0.8220640569395018,0.7850467289719626,0.7897727272727273,0.9763313609467456,0.9384615384615385,0.8744186046511628,0.8240740740740741
all,55,0.6038684448497622,0.4786885245901639,0.6991869918699187,0.7135135135135136,0.6489795918367347,0.8426395939086294,0.5306122448979592,0.6517857142857143
all,56,0.6213966363692847,0.7940074906367042,0.8090909090909091,0.6149253731343284,0.6692913385826772,0.8217821782178217,0.4513888888888889,0.3737024221453287
all,57,0.719954491884265,0.6981818181818182,0.8333333333333334,0.8654434250764526,0.5889328063241107,0.9029126213592233,0.568,0.6046511627906976
all,58,0.6558459387969929,0.706081081081081,0.7771084337349398,0.7388888888888889,0.5823293172690763,0.8860103626943006,0.5555555555555556,0.5767441860465117
all,59,0.5816963246518106,0.610738255033557,0.6819484240687679,0.6520547945205479,0.616600790513834,0.8697916666666666,0.49458483754512633,0.5245901639344263
all,60,0.7629167799828488,0.9015151515151515,0.8507936507936508,0.8575851393188855,0.6141078838174274,0.865,0.550561797752809,0.7451923076923077
all,61,0.762300194237666,0.8605577689243028,0.8457142857142858,0.8485804416403786,0.6338582677165354,0.8883495145631068,0.5265306122448979,0.788659793814433
all,62,0.8097256931043338,0.8941176470588236,0.930379746835443,0.9016393442622951,0.5975609756097561,0.9054726368159204,0.5236220472440944,0.8301886792452831
all,63,0.7638960546516812,0.8409090909090909,0.9,0.8378378378378378,0.6290322580645161,0.8855721393034826,0.5298804780876494,0.729064039408867
all,64,0.782355227467364,0.8721804511278195,0.8769716088328076,0.7940298507462686,0.8707865168539326,0.9119170984455959,0.743801652892562,0.6175298804780877
all,65,0.5703652710337508,0.7819548872180451,0.782312925170068,0.5,0.4668769716088328,0.813953488372093,0.39617486338797814,0.48201438848920863
all,66,0.7866729933106359,0.8301886792452831,0.8632218844984803,0.8575581395348837,0.9341317365269461,0.8755980861244019,0.726027397260274,0.5697211155378487
all,67,0.7230772665492727,0.7769784172661871,0.7899408284023669,0.7111111111111111,0.9385474860335196,0.9278350515463918,0.7377777777777778,0.5753968253968254
all,68,0.7104931010318428,0.842911877394636,0.8011363636363636,0.6770538243626062,0.9766081871345029,0.8423645320197044,0.680672268907563,0.5
all,69,0.5504410018333369,0.7752808988764045,0.7795031055900621,0.4022038567493113,0.5527272727272727,0.7981220657276995,0.29365079365079366,0.39473684210526316
all,70,0.798847346316914,0.7608695652173914,0.8145896656534954,0.822429906542056,0.9235294117647059,0.9004739336492891,0.8717948717948718,0.8055555555555556
all,71,0.77069855775771,0.8058608058608059,0.8589341692789969,0.8454810495626822,0.8830409356725146,0.8606965174129353,0.720164609053498,0.582995951417004
all,72,0.7654650351281269,0.8969465648854962,0.8291139240506329,0.8401162790697675,0.673469387755102,0.8947368421052632,0.528,0.7584541062801933
all,73,0.7533396148279743,0.8185185185185185,0.8613569321533924,0.786144578313253,0.8823529411764706,0.8647342995169082,0.7032520325203252,0.5546558704453441
all,74,0.778914303750714,0.8793774319066148,0.8846153846153846,0.8683385579937304,0.632,0.8928571428571429,0.5517241379310345,0.7761904761904762
all,75,0.7441661821914578,0.7491289198606271,0.8323353293413174,0.8670886075949367,0.6556016597510373,0.9141414141414141,0.5450980392156862,0.7313432835820896
all,76,0.7485294338779898,0.8045112781954887,0.8328173374613003,0.858433734939759,0.6477732793522267,0.8805970149253731,0.5135135135135135,0.7810945273631841
all,77,0.7455420956025173,0.8188679245283019,0.8065476190476191,0.7694524495677233,0.9044943820224719,0.8802083333333334,0.751004016064257,0.5843621399176955
all,78,0.8043775863777347,0.9077490774907749,0.8780487804878049,0.8143712574850299,0.9053254437869822,0.9343434343434344,0.7389380530973452,0.5925925925925926
all,79,0.7597415345546558,0.8368794326241135,0.8867924528301887,0.842443729903537,0.5984251968503937,0.9119170984455959,0.5551181102362205,0.7368421052631579
all,80,0.7310927364004071,0.8498168498168498,0.7899408284023669,0.7252124645892352,0.9041916167664671,0.8872549019607843,0.7106382978723405,0.5936254980079682
all,81,0.568174690078865,0.8052434456928839,0.759375,0.547945205479452,0.5856573705179283,0.7892156862745098,0.3548387096774194,0.29376854599406527
all,82,0.6822935462075834,0.5657894736842105,0.743801652892562,0.7774480712166172,0.9418604651162791,0.8509615384615384,0.7606837606837606,0.5587044534412956
all,83,0.5072523259940674,0.6906474820143885,0.45027624309392267,0.5121951219512195,0.532258064516129,0.7971698113207547,0.3671875,0.5590551181102362
all,84,0.48083985133153523,0.49454545454545457,0.6565934065934066,0.5278514588859416,0.4964788732394366,0.7464788732394366,0.3267605633802817,0.3865814696485623
all,85,0.730085859566269,0.8239700374531835,0.8522012578616353,0.8471337579617835,0.6472868217054264,0.8711340206185567,0.48771929824561405,0.6405529953917051
all,86,0.5988725146621771,0.7586206896551724,0.8019169329073482,0.5192307692307693,0.538961038961039,0.8181818181818182,0.3713527851458886,0.5355648535564853
all,87,0.5533630100794136,0.7868217054263565,0.731629392971246,0.47229551451187335,0.5016722408026756,0.780373831775701,0.366120218579235,0.48
all,88,0.7248691246884724,0.7214285714285714,0.7971014492753623,0.7917888563049853,0.861271676300578,0.8622448979591837,0.712,0.6363636363636364
all,89,0.773743022403986,0.8461538461538461,0.9071207430340558,0.9076923076923077,0.55078125,0.9153439153439153,0.5267489711934157,0.6434782608695652
all,90,0.5987211587600144,0.833976833976834,0.7601351351351351,0.5882352941176471,0.6563706563706564,0.8316831683168316,0.4155844155844156,0.3389261744966443
all,91,0.7778482664420783,0.8777777777777778,0.863905325443787,0.8154761904761905,0.8588235294117647,0.8704663212435233,0.7088607594936709,0.6122448979591837
all,92,0.6633395182344259,0.6931407942238267,0.8375796178343949,0.8690095846645367,0.57421875,0.87,0.39274924471299094,0.4031620553359684
all,93,0.8294320877327094,0.8841698841698842,0.9036144578313253,0.8685015290519877,0.9408284023668639,0.8994974874371859,0.7654867256637168,0.6510638297872341
all,94,0.6835797864385572,0.7906137184115524,0.7342465753424657,0.6544943820224719,0.8857142857142857,0.848780487804878,0.7352941176470589,0.5867768595041323
all,95,0.6002388456675635,0.6959706959706959,0.7168674698795181,0.6782608695652174,0.6349809885931559,0.8465346534653465,0.43478260869565216,0.4671814671814672
all,96,0.5735149947161192,0.7931034482758621,0.7750759878419453,0.42016806722689076,0.5353846153846153,0.8,0.35989717223650386,0.5113636363636364
all,97,0.7728769326969095,0.8671586715867159,0.8475609756097561,0.7876106194690266,0.888268156424581,0.8556149732620321,0.7317073170731707,0.673728813559322
all,98,0.6897759647476864,0.565068493150685,0.7840909090909091,0.8787878787878788,0.6111111111111112,0.8955223880597015,0.5357142857142857,0.5898617511520737
all,99,0.6132641196138048,0.7777777777777778,0.8117283950617284,0.5752212389380531,0.6486486486486487,0.8775510204081632,0.48013245033112584,0.35106382978723405
2023-01,0,0.9112342791161653,0.9102564102564102,0.9221183800623053,0.8776371308016878,0.9732620320855615,0.9338842975206612,0.9739583333333334,0.9337016574585635
2023-01,1,0.7321650996967533,0.7485380116959064,0.7840531561461794,0.6448598130841121,0.9664804469273743,0.8735632183908046,0.8817733990147784,0.6018957345971564
2023-01,2,0.7238909880908136,0.75,0.5543175487465181,0.5545171339563862,0.9576719576719577,0.9344262295081968,0.9740932642487047,0.9106145251396648
2023-01,3,0.9351561057739584,0.9256756756756757,0.9379310344827586,0.9296875,0.9732620320855615,0.9568627450980393,0.9693877551020408,0.9657142857142857
2023-01,4,0.595318689928368,0.5725593667546174,0.4830287206266319,0.543026706231454,0.9619565217391305,0.8052434456928839,0.9210526315789473,0.5885167464114832
2023-01,5,0.759256599583757,0.6904761904761905,0.783625730994152,0.8150943396226416,0.967391304347826,0.8620689655172413,0.9322916666666666,0.6320754716981132
2023-01,6,0.6896862760895865,0.6866096866096866,0.559322033898305,0.6430769230769231,0.9333333333333333,0.9016393442622951,0.9365079365079365,0.765625
2023-01,7,0.6536970259778321,0.7222222222222222,0.6904024767801857,0.7133105802047781,0.6501766784452296,0.8779527559055118,0.3697478991596639,0.6256410256410256
2023-01,8,0.87539973687424,0.8975155279503105,0.8333333333333334,0.8333333333333334,0.9690721649484536,0.9372384937238494,0.9779005524861878,0.9109947643979057
2023-01,9,0.8317195641307346,0.8483870967741935,0.8187702265372169,0.8120567375886525,0.967391304347826,0.9115384615384615,0.953125,0.7551020408163265
2023-07,0,0.8771568955791084,0.92,0.9215686274509803,0.9247648902821317,0.9326424870466321,0.7819905213270142,0.9343434343434344,0.6881720430107527
2023-07,1,0.7412481688363662,0.8403908794788274,0.9136212624584718,0.9352750809061489,0.6405693950177936,0.5849056603773585,0.44537815126050423,0.42738589211618255
2023-07,2,0.8525647412505033,0.84,0.8766233766233766,0.8871951219512195,0.94,0.8944954128440367,0.9362745098039216,0.6909090909090909
2023-07,3,0.8739645435046253,0.8970099667774086,0.8841059602649006,0.9076923076923077,0.9029126213592233,0.9130434782608695,0.9187817258883249,0.7844311377245509
2023-07,4,0.6966772260386513,0.7210682492581603,0.7553516819571865,0.8525641025641025,0.6690391459074733,0.8611111111111112,0.4622222222222222,0.5368421052631579
2023-07,5,0.7453721492168166,0.8478260869565217,0.6871657754010695,0.6967741935483871,0.937799043062201,0.7922705314009661,0.9009433962264151,0.6936416184971098
2023-07,6,0.910400359918785,0.8990228013029316,0.9249146757679181,0.9453376205787781,0.9526315789473684,0.9473684210526315,0.9516908212560387,0.8012422360248447
2023-07,7,0.7517463608819023,0.8263665594855305,0.8108974358974359,0.8672839506172839,0.6464646464646465,0.8720379146919431,0.4343891402714932,0.7701863354037267
2023-07,8,0.8538138583144093,0.8365384615384616,0.8501628664495114,0.86875,0.9230769230769231,0.9255813953488372,0.9485981308411215,0.86
2023-07,9,0.6930059316672014,0.7727272727272727,0.8885245901639345,0.9055374592833876,0.5631067961165048,0.6713615023474179,0.3385416666666667,0.2564102564102564
2024-01,0,0.8778165648959054,0.8717948717948718,0.8145695364238411,0.8794788273615635,0.9852941176470589,0.9692307692307692,0.9868421052631579,0.8322147651006712
2024-01,1,0.7457088547435519,0.7836065573770492,0.8163934426229508,0.852760736196319,0.6526315789473685,0.919047619047619,0.549618320610687,0.8615384615384616
2024-01,2,0.7425689290329488,0.86875,0.677710843373494,0.7267080745341615,0.9261083743842364,0.7713004484304933,0.8406374501992032,0.6257668711656442
2024-01,3,0.9125513490227054,0.9389830508474576,0.9216417910447762,0.9113149847094801,0.9712918660287081,0.9117647058823529,0.9426229508196722,0.8294573643410853
2024-01,4,0.7467428991133904,0.8244514106583072,0.6666666666666666,0.7309941520467836,0.9658536585365853,0.7752293577981652,0.8771186440677966,0.7115384615384616
2024-01,5,0.8821675107662964,0.9163879598662207,0.8825503355704698,0.9177631578947368,0.9726027397260274,0.8341708542713567,0.9288888888888889,0.725
2024-01,6,0.7286115625217346,0.8054711246200608,0.6538461538461539,0.7275449101796407,0.9452054794520548,0.784037558685446,0.8488888888888889,0.6287425149700598
2024-01,7,0.766948309102993,0.8333333333333334,0.7651006711409396,0.8034682080924855,0.9615384615384616,0.7782426778242678,0.8244897959183674,0.3136094674556213
2024-01,8,0.9364778976812744,0.9533333333333334,0.9525547445255474,0.9467084639498433,0.9702970297029703,0.9246231155778895,0.9453781512605042,0.8740157480314961
2024-01,9,0.7456682483480658,0.8317152103559871,0.6715542521994134,0.7589285714285714,0.9547738693467337,0.7713004484304933,0.8708333333333333,0.65
2024-07,0,0.8574556643478186,0.9035369774919614,0.8562691131498471,0.8821548821548821,0.9801980198019802,0.7857142857142857,0.9532710280373832,0.6931818181818182
2024-07,1,0.7579748916606642,0.8237082066869301,0.6649350649350649,0.6816608996539792,0.8983957219251337,0.8771929824561403,0.9145299145299145,0.9226804123711341
2024-07,2,0.7477846128726389,0.7606837606837606,0.7246753246753247,0.7175572519083969,0.9715639810426541,0.8457446808510638,0.9276018099547512,0.6648351648351648
2024-07,3,0.5651358004625658,0.4537037037037037,0.38266384778012685,0.5336658354114713,0.9603960396039604,0.7134146341463414,0.905982905982906,0.663594470046083
2024-07,4,0.5231195062781909,0.5440806045340051,0.5710900473933649,0.5064102564102564,0.651685393258427,0.7819148936170213,0.5375,0.5560747663551402
2024-07,5,0.4652627289171834,0.42961165048543687,0.44963144963144963,0.4940828402366864,0.6888111888111889,0.7272727272727273,0.5358649789029536,0.3775933609958506
2024-07,6,0.8042502788832863,0.8881578947368421,0.7673716012084593,0.8274760383386581,0.9702970297029703,0.7487437185929648,0.9333333333333333,0.6335078534031413
2024-07,7,0.5957359959506437,0.8553846153846154,0.5664739884393064,0.6064690026954178,0.3112391930835735,0.7754010695187166,0.4815950920245399,0.7263157894736842
2024-07,8,0.7946493790580877,0.9158249158249159,0.9056603773584906,0.927007299270073,0.7062937062937062,0.7537688442211056,0.5791666666666667,0.6310160427807486
2024-07,9,0.5627689734091298,0.5093023255813953,0.40939597315436244,0.45016077170418006,0.9494949494949495,0.76,0.9130434782608695,0.6205128205128205
