level,from_period,to_period,event,source,target,overlap,size_ratio,same_number
quarter,2023-Q1,2023-Q2,survive,0,0,0.858,1.038,True
quarter,2023-Q1,2023-Q2,survive,1,1,0.806,1.0,True
quarter,2023-Q1,2023-Q2,survive,2,2,0.816,1.003,True
quarter,2023-Q1,2023-Q2,survive,3,3,0.97,1.489,True
quarter,2023-Q1,2023-Q2,survive,4,4,0.815,0.901,True
quarter,2023-Q1,2023-Q2,split,5,3 5,0.47 0.491,,False
quarter,2023-Q1,2023-Q2,survive,6,6,0.553,0.816,True
quarter,2023-Q2,2023-Q3,survive,0,0,0.815,0.916,True
quarter,2023-Q2,2023-Q3,survive,1,1,0.808,1.056,True
quarter,2023-Q2,2023-Q3,survive,2,2,0.844,1.093,True
quarter,2023-Q2,2023-Q3,survive,3,3,0.671,0.688,True
quarter,2023-Q2,2023-Q3,survive,4,4,0.894,1.044,True
quarter,2023-Q2,2023-Q3,survive,5,5,0.814,1.521,True
quarter,2023-Q2,2023-Q3,survive,6,6,0.643,0.958,True
quarter,2023-Q3,2023-Q4,survive,0,0,0.905,1.095,True
quarter,2023-Q3,2023-Q4,survive,1,1,0.803,0.939,True
quarter,2023-Q3,2023-Q4,survive,2,2,0.838,0.972,True
quarter,2023-Q3,2023-Q4,survive,3,3,0.971,1.033,True
quarter,2023-Q3,2023-Q4,survive,4,4,0.646,0.698,True
quarter,2023-Q3,2023-Q4,survive,5,5,0.957,1.063,True
quarter,2023-Q3,2023-Q4,survive,6,6,0.739,1.385,True
quarter,2023-Q4,2024-Q1,survive,0,0,0.779,0.929,True
quarter,2023-Q4,2024-Q1,survive,1,1,0.739,0.96,True
quarter,2023-Q4,2024-Q1,survive,2,2,0.853,1.103,True
quarter,2023-Q4,2024-Q1,survive,3,3,0.984,1.004,True
quarter,2023-Q4,2024-Q1,survive,4,4,0.91,1.342,True
quarter,2023-Q4,2024-Q1,survive,5,5,0.944,1.026,True
quarter,2023-Q4,2024-Q1,survive,6,6,0.525,0.686,True
quarter,2024-Q1,2024-Q2,survive,0,0,0.793,1.042,True
quarter,2024-Q1,2024-Q2,survive,1,1,0.775,0.985,True
quarter,2024-Q1,2024-Q2,survive,2,2,0.846,1.048,True
quarter,2024-Q1,2024-Q2,survive,3,3,0.984,1.016,True
quarter,2024-Q1,2024-Q2,survive,4,4,0.899,1.06,True
quarter,2024-Q1,2024-Q2,survive,5,5,0.935,1.0,True
quarter,2024-Q1,2024-Q2,survive,6,6,0.529,0.686,True
quarter,2024-Q2,2024-Q3,survive,0,0,0.837,0.929,True
quarter,2024-Q2,2024-Q3,survive,1,1,0.844,1.156,True
quarter,2024-Q2,2024-Q3,survive,2,2,0.741,0.845,True
quarter,2024-Q2,2024-Q3,survive,3,3,0.941,0.957,True
quarter,2024-Q2,2024-Q3,survive,4,4,0.802,0.88,True
quarter,2024-Q2,2024-Q3,survive,5,5,0.939,1.025,True
quarter,2024-Q2,2024-Q3,survive,6,6,0.79,1.695,True
quarter,2024-Q3,2024-Q4,survive,0,0,0.816,0.962,True
quarter,2024-Q3,2024-Q4,survive,1,1,0.756,0.901,True
quarter,2024-Q3,2024-Q4,survive,2,2,0.835,1.033,True
quarter,2024-Q3,2024-Q4,survive,3,3,0.98,1.486,True
quarter,2024-Q3,2024-Q4,survive,4,4,0.904,1.016,True
quarter,2024-Q3,2024-Q4,survive,5,5,0.592,0.711,True
quarter,2024-Q3,2024-Q4,survive,6,6,0.719,0.994,True
month,2023-01,2023-02,survive,0,0,0.796,0.973,True
month,2023-01,2023-02,survive,1,1,0.843,1.022,True
month,2023-01,2023-02,survive,2,2,0.886,1.117,True
month,2023-01,2023-02,survive,3,3,0.983,1.017,True
month,2023-01,2023-02,survive,4,4,0.91,0.987,True
month,2023-01,2023-02,survive,5,5,0.978,1.017,True
month,2023-01,2023-02,survive,6,6,0.708,0.836,True
month,2023-02,2023-03,survive,0,0,0.856,1.025,True
month,2023-02,2023-03,survive,1,1,0.73,0.884,True
month,2023-02,2023-03,survive,2,2,0.873,1.093,True
month,2023-02,2023-03,survive,3,3,0.983,0.996,True
month,2023-02,2023-03,survive,4,4,0.886,1.057,True
month,2023-02,2023-03,survive,5,5,0.945,0.97,True
month,2023-02,2023-03,survive,6,6,0.705,0.978,True
month,2023-03,2023-04,survive,0,0,0.817,1.089,True
month,2023-03,2023-04,survive,1,1,0.808,1.093,True
month,2023-03,2023-04,survive,2,2,0.754,0.929,True
month,2023-03,2023-04,survive,3,3,0.97,1.47,True
month,2023-03,2023-04,survive,4,4,0.516,0.65,True
month,2023-03,2023-04,split,5,3 5,0.487 0.461,,False
month,2023-03,2023-04,split,6,0 5,0.341 0.425,,False
month,2023-03,2023-04,emerge,,6,0.793,,False
month,2023-04,2023-05,survive,0,0,0.792,0.896,True
month,2023-04,2023-05,survive,1,1,0.647,0.805,True
month,2023-04,2023-05,survive,2,2,0.86,1.228,True
month,2023-04,2023-05,survive,3,3,0.977,1.006,True
month,2023-04,2023-05,absorb,4 6,4,0.735,1.363,False
month,2023-04,2023-05,survive,5,5,0.724,0.779,True
month,2023-04,2023-05,absorb,4 6,4,0.787,1.853,False
month,2023-04,2023-05,emerge,,6,0.4,,False
month,2023-05,2023-06,survive,0,0,0.892,1.144,True
month,2023-05,2023-06,survive,1,1,0.738,1.306,True
month,2023-05,2023-06,survive,2,2,0.554,0.668,True
month,2023-05,2023-06,survive,3,3,0.682,0.713,True
month,2023-05,2023-06,survive,4,4,0.867,0.975,True
month,2023-05,2023-06,survive,5,5,0.775,1.467,True
month,2023-05,2023-06,survive,6,6,0.787,1.125,True
month,2023-06,2023-07,survive,0,0,0.739,0.85,True
month,2023-06,2023-07,survive,1,1,0.63,0.958,True
month,2023-06,2023-07,survive,2,2,0.867,1.419,True
month,2023-06,2023-07,survive,3,3,0.956,0.964,True
month,2023-06,2023-07,survive,4,4,0.852,0.923,True
month,2023-06,2023-07,survive,5,5,0.944,0.988,True
month,2023-06,2023-07,survive,6,6,0.806,0.989,True
month,2023-07,2023-08,survive,0,0,0.83,1.006,True
month,2023-07,2023-08,survive,1,1,0.777,1.046,True
month,2023-07,2023-08,survive,2,2,0.726,0.841,True
month,2023-07,2023-08,survive,3,3,0.983,1.017,True
month,2023-07,2023-08,survive,4,4,0.964,1.144,True
month,2023-07,2023-08,survive,5,5,0.976,1.037,True
month,2023-07,2023-08,survive,6,6,0.742,0.961,True
month,2023-08,2023-09,survive,0,0,0.833,1.014,True
month,2023-08,2023-09,survive,1,1,0.803,0.964,True
month,2023-08,2023-09,survive,2,2,0.863,1.062,True
month,2023-08,2023-09,survive,3,3,0.959,1.451,True
month,2023-08,2023-09,survive,4,4,0.867,0.941,True
month,2023-08,2023-09,survive,5,5,0.539,0.713,True
month,2023-08,2023-09,survive,6,6,0.719,0.819,True
month,2023-09,2023-10,survive,0,0,0.833,0.939,True
month,2023-09,2023-10,survive,1,1,0.765,0.908,True
month,2023-09,2023-10,survive,2,2,0.901,1.146,True
month,2023-09,2023-10,survive,3,3,0.661,0.675,True
month,2023-09,2023-10,survive,4,4,0.639,0.706,True
month,2023-09,2023-10,survive,5,5,0.928,1.602,True
month,2023-09,2023-10,survive,6,6,0.829,1.65,True
month,2023-10,2023-11,survive,0,0,0.887,1.24,True
month,2023-10,2023-11,survive,1,1,0.677,1.252,True
month,2023-10,2023-11,split,2,1 2,0.477 0.474,,False
month,2023-10,2023-11,survive,3,3,0.987,1.038,True
month,2023-10,2023-11,survive,4,4,0.932,1.089,True
month,2023-10,2023-11,survive,5,5,0.886,0.91,True
month,2023-10,2023-11,survive,6,6,0.814,0.948,True
month,2023-11,2023-12,survive,0,0,0.78,0.935,True
month,2023-11,2023-12,survive,1,1,0.628,0.841,True
month,2023-11,2023-12,survive,2,2,0.849,1.521,True
month,2023-11,2023-12,survive,3,3,0.931,0.984,True
month,2023-11,2023-12,survive,4,4,0.821,1.401,True
month,2023-11,2023-12,survive,5,5,0.557,0.655,True
month,2023-11,2023-12,split,6,4 6,0.457 0.338,,False
month,2023-12,2024-01,survive,0,0,0.737,0.903,True
month,2023-12,2024-01,survive,1,1,0.704,0.941,True
month,2023-12,2024-01,survive,2,2,0.823,1.075,True
month,2023-12,2024-01,survive,3,3,0.967,1.041,True
month,2023-12,2024-01,survive,4,4,0.752,0.845,True
month,2023-12,2024-01,absorb,5 6,5,0.867,1.671,False
month,2023-12,2024-01,absorb,5 6,5,0.672,1.438,False
month,2023-12,2024-01,emerge,,6,0.336,,False
month,2024-01,2024-02,survive,0,0,0.805,0.994,True
month,2024-01,2024-02,survive,1,1,0.82,1.036,True
month,2024-01,2024-02,survive,2,2,0.838,0.961,True
month,2024-01,2024-02,survive,3,3,0.969,0.98,True
month,2024-01,2024-02,survive,4,4,0.943,1.078,True
month,2024-01,2024-02,survive,5,5,0.903,0.952,True
month,2024-01,2024-02,survive,6,6,0.783,1.033,True
month,2024-02,2024-03,survive,0,0,0.818,1.08,True
month,2024-02,2024-03,survive,1,1,0.728,1.075,True
month,2024-02,2024-03,survive,2,2,0.725,0.872,True
month,2024-02,2024-03,survive,3,3,0.976,1.02,True
month,2024-02,2024-03,survive,4,4,0.939,1.049,True
month,2024-02,2024-03,survive,5,5,0.916,0.978,True
month,2024-02,2024-03,survive,6,6,0.79,0.885,True
month,2024-03,2024-04,survive,0,0,0.784,0.887,True
month,2024-03,2024-04,survive,1,1,0.656,0.804,True
month,2024-03,2024-04,survive,2,2,0.871,1.353,True
month,2024-03,2024-04,survive,3,3,0.972,1.004,True
month,2024-03,2024-04,survive,4,4,0.87,0.91,True
month,2024-03,2024-04,survive,5,5,0.941,1.015,True
month,2024-03,2024-04,survive,6,6,0.878,1.151,True
month,2024-04,2024-05,survive,0,0,0.845,1.14,True
month,2024-04,2024-05,survive,1,1,0.742,1.181,True
month,2024-04,2024-05,survive,2,2,0.673,0.796,True
month,2024-04,2024-05,survive,3,3,0.98,1.004,True
month,2024-04,2024-05,survive,4,4,0.913,1.171,True
month,2024-04,2024-05,survive,5,5,0.864,0.938,True
month,2024-04,2024-05,split,6,0 6,0.269 0.456,,False
month,2024-05,2024-06,survive,0,0,0.83,1.029,True
month,2024-05,2024-06,survive,1,1,0.737,1.074,True
month,2024-05,2024-06,survive,2,2,0.749,1.048,True
month,2024-05,2024-06,survive,3,3,0.961,0.996,True
month,2024-05,2024-06,survive,4,4,0.861,0.976,True
month,2024-05,2024-06,split,5,5 6,0.496 0.438,,False
month,2024-05,2024-06,survive,6,5,0.639,1.77,False
month,2024-06,2024-07,survive,0,0,0.82,0.937,True
month,2024-06,2024-07,survive,1,1,0.831,1.034,True
month,2024-06,2024-07,survive,2,2,0.796,0.886,True
month,2024-06,2024-07,survive,3,3,0.925,0.961,True
month,2024-06,2024-07,survive,4,4,0.611,0.674,True
month,2024-06,2024-07,absorb,5 6,5,0.704,1.269,False
month,2024-06,2024-07,absorb,5 6,5,0.914,2.362,False
month,2024-06,2024-07,emerge,,6,0.431,,False
month,2024-07,2024-08,survive,0,0,0.832,0.9,True
month,2024-07,2024-08,survive,1,1,0.839,0.987,True
month,2024-07,2024-08,survive,2,2,0.856,1.055,True
month,2024-07,2024-08,survive,3,3,0.988,1.004,True
month,2024-07,2024-08,survive,4,4,0.938,1.345,True
month,2024-07,2024-08,survive,5,5,0.989,1.04,True
month,2024-07,2024-08,survive,6,6,0.597,0.745,True
month,2024-08,2024-09,survive,0,0,0.726,1.06,True
month,2024-08,2024-09,survive,1,1,0.654,0.935,True
month,2024-08,2024-09,survive,2,2,0.686,0.927,True
month,2024-08,2024-09,survive,3,3,0.98,1.008,True
month,2024-08,2024-09,survive,4,4,0.897,0.969,True
month,2024-08,2024-09,survive,5,5,0.968,1.056,True
month,2024-08,2024-09,survive,6,6,0.801,1.124,True
month,2024-09,2024-10,survive,0,0,0.69,0.966,True
month,2024-09,2024-10,survive,1,1,0.746,1.075,True
month,2024-09,2024-10,survive,2,2,0.683,0.975,True
month,2024-09,2024-10,survive,3,3,0.96,1.46,True
month,2024-09,2024-10,survive,4,4,0.901,0.996,True
month,2024-09,2024-10,survive,5,5,0.585,0.668,True
month,2024-09,2024-10,survive,6,6,0.718,0.89,True
month,2024-10,2024-11,survive,0,0,0.591,0.726,True
month,2024-10,2024-11,survive,1,1,0.648,0.941,True
month,2024-10,2024-11,survive,2,2,0.826,1.212,True
month,2024-10,2024-11,survive,3,3,0.981,1.006,True
month,2024-10,2024-11,survive,4,4,0.913,0.992,True
month,2024-10,2024-11,survive,5,5,0.96,1.07,True
month,2024-10,2024-11,survive,6,6,0.832,1.224,True
month,2024-11,2024-12,survive,0,0,0.717,1.607,True
month,2024-11,2024-12,survive,1,1,0.596,0.951,True
month,2024-11,2024-12,survive,2,2,0.655,0.836,True
month,2024-11,2024-12,survive,3,3,0.684,0.717,True
month,2024-11,2024-12,survive,4,4,0.9,1.012,True
month,2024-11,2024-12,survive,5,5,0.786,1.344,True
month,2024-11,2024-12,survive,6,6,0.543,0.777,True
