type,month,n_mo,share,dev_pp
0,2023-01,372,0.1845,0.41
0,2023-02,362,0.1796,-0.08
0,2023-03,371,0.184,0.36
0,2023-04,404,0.2004,2.0
0,2023-05,362,0.1796,-0.08
0,2023-06,414,0.2054,2.49
0,2023-07,352,0.1746,-0.58
0,2023-08,354,0.1756,-0.48
0,2023-09,359,0.1781,-0.23
0,2023-10,337,0.1672,-1.32
0,2023-11,418,0.2073,2.69
0,2023-12,391,0.1939,1.35
0,2024-01,353,0.1751,-0.53
0,2024-02,351,0.1741,-0.63
0,2024-03,379,0.188,0.76
0,2024-04,336,0.1667,-1.37
0,2024-05,383,0.19,0.96
0,2024-06,394,0.1954,1.5
0,2024-07,369,0.183,0.26
0,2024-08,332,0.1647,-1.57
0,2024-09,352,0.1746,-0.58
0,2024-10,340,0.1687,-1.18
0,2024-11,247,0.1225,-5.79
0,2024-12,397,0.1969,1.65
1,2023-01,370,0.1835,0.39
1,2023-02,378,0.1875,0.79
1,2023-03,334,0.1657,-1.39
1,2023-04,365,0.1811,0.14
1,2023-05,294,0.1458,-3.38
1,2023-06,384,0.1905,1.09
1,2023-07,368,0.1825,0.29
1,2023-08,385,0.191,1.14
1,2023-09,371,0.184,0.44
1,2023-10,337,0.1672,-1.24
1,2023-11,422,0.2093,2.97
1,2023-12,355,0.1761,-0.35
1,2024-01,334,0.1657,-1.39
1,2024-02,346,0.1716,-0.8
1,2024-03,372,0.1845,0.49
1,2024-04,299,0.1483,-3.13
1,2024-05,353,0.1751,-0.45
1,2024-06,379,0.188,0.84
1,2024-07,392,0.1944,1.48
1,2024-08,387,0.192,1.24
1,2024-09,362,0.1796,-0.0
1,2024-10,389,0.193,1.34
1,2024-11,366,0.1815,0.19
1,2024-12,348,0.1726,-0.7
2,2023-01,290,0.1438,-2.67
2,2023-02,324,0.1607,-0.98
2,2023-03,354,0.1756,0.51
2,2023-04,329,0.1632,-0.73
2,2023-05,404,0.2004,2.99
2,2023-06,270,0.1339,-3.66
2,2023-07,383,0.19,1.94
2,2023-08,322,0.1597,-1.08
2,2023-09,342,0.1696,-0.09
2,2023-10,392,0.1944,2.39
2,2023-11,238,0.1181,-5.25
2,2023-12,362,0.1796,0.9
2,2024-01,389,0.193,2.24
2,2024-02,374,0.1855,1.5
2,2024-03,326,0.1617,-0.88
2,2024-04,441,0.2188,4.82
2,2024-05,351,0.1741,0.36
2,2024-06,368,0.1825,1.2
2,2024-07,326,0.1617,-0.88
2,2024-08,344,0.1706,0.01
2,2024-09,319,0.1582,-1.23
2,2024-10,311,0.1543,-1.63
2,2024-11,377,0.187,1.65
2,2024-12,315,0.1562,-1.43
3,2023-01,233,0.1156,-1.81
3,2023-02,237,0.1176,-1.61
3,2023-03,236,0.1171,-1.66
3,2023-04,347,0.1721,3.84
3,2023-05,349,0.1731,3.94
3,2023-06,249,0.1235,-1.02
3,2023-07,240,0.119,-1.47
3,2023-08,244,0.121,-1.27
3,2023-09,354,0.1756,4.19
3,2023-10,239,0.1186,-1.51
3,2023-11,248,0.123,-1.07
3,2023-12,244,0.121,-1.27
3,2024-01,254,0.126,-0.77
3,2024-02,249,0.1235,-1.02
3,2024-03,254,0.126,-0.77
3,2024-04,255,0.1265,-0.72
3,2024-05,256,0.127,-0.67
3,2024-06,255,0.1265,-0.72
3,2024-07,245,0.1215,-1.22
3,2024-08,246,0.122,-1.17
3,2024-09,248,0.123,-1.07
3,2024-10,362,0.1796,4.59
3,2024-11,364,0.1806,4.69
3,2024-12,261,0.1295,-0.42
4,2023-01,301,0.1493,2.03
4,2023-02,297,0.1473,1.83
4,2023-03,314,0.1558,2.68
4,2023-04,204,0.1012,-2.78
4,2023-05,278,0.1379,0.89
4,2023-06,271,0.1344,0.54
4,2023-07,250,0.124,-0.5
4,2023-08,286,0.1419,1.29
4,2023-09,269,0.1334,0.44
4,2023-10,190,0.0942,-3.47
4,2023-11,207,0.1027,-2.63
4,2023-12,290,0.1438,1.49
4,2024-01,245,0.1215,-0.75
4,2024-02,264,0.131,0.2
4,2024-03,277,0.1374,0.84
4,2024-04,252,0.125,-0.4
4,2024-05,295,0.1463,1.73
4,2024-06,288,0.1429,1.39
4,2024-07,194,0.0962,-3.28
4,2024-08,261,0.1295,0.05
4,2024-09,253,0.1255,-0.35
4,2024-10,252,0.125,-0.4
4,2024-11,250,0.124,-0.5
4,2024-12,253,0.1255,-0.35
5,2023-01,231,0.1146,-0.69
5,2023-02,235,0.1166,-0.49
5,2023-03,228,0.1131,-0.84
5,2023-04,217,0.1076,-1.38
5,2023-05,169,0.0838,-3.77
5,2023-06,248,0.123,0.15
5,2023-07,245,0.1215,0.0
5,2023-08,254,0.126,0.45
5,2023-09,181,0.0898,-3.17
5,2023-10,290,0.1438,2.24
5,2023-11,264,0.131,0.95
5,2023-12,173,0.0858,-3.57
5,2024-01,289,0.1434,2.19
5,2024-02,275,0.1364,1.49
5,2024-03,269,0.1334,1.19
5,2024-04,273,0.1354,1.39
5,2024-05,256,0.127,0.55
5,2024-06,216,0.1071,-1.43
5,2024-07,274,0.1359,1.44
5,2024-08,285,0.1414,1.99
5,2024-09,301,0.1493,2.78
5,2024-10,201,0.0997,-2.18
5,2024-11,215,0.1066,-1.48
5,2024-12,289,0.1434,2.19
6,2023-01,219,0.1086,2.34
6,2023-02,183,0.0908,0.55
6,2023-03,179,0.0888,0.35
6,2023-04,150,0.0744,-1.09
6,2023-05,160,0.0794,-0.59
6,2023-06,180,0.0893,0.4
6,2023-07,178,0.0883,0.3
6,2023-08,171,0.0848,-0.05
6,2023-09,140,0.0694,-1.58
6,2023-10,231,0.1146,2.93
6,2023-11,219,0.1086,2.34
6,2023-12,201,0.0997,1.44
6,2024-01,152,0.0754,-0.99
6,2024-02,157,0.0779,-0.74
6,2024-03,139,0.0689,-1.63
6,2024-04,160,0.0794,-0.59
6,2024-05,122,0.0605,-2.48
6,2024-06,116,0.0575,-2.77
6,2024-07,216,0.1071,2.19
6,2024-08,161,0.0799,-0.54
6,2024-09,181,0.0898,0.45
6,2024-10,161,0.0799,-0.54
6,2024-11,197,0.0977,1.24
6,2024-12,153,0.0759,-0.94
