from_type,to_type,n_mo,share_of_from,n_moved_for_good,top_regions,examples
0,0,318,0.846,6,,
0,1,26,0.069,3,Республика Коми (3); Алтайский край (3); Кировская область (3),Старомайнский (Ульяновская область); Бирилюсский (Красноярский край); Пестяковский (Ивановская область)
0,2,13,0.035,2,Нижегородская область (2); Оренбургская область (2); Самарская область (2),Перелюбский (Саратовская область); Лесной (Тверская область)
0,4,4,0.011,0,Сахалинская область (2); Приморский край (1); Кемеровская область (1),Топкинский (Кемеровская область); Ханкайский (Приморский край); Смирныховский (Сахалинская область)
0,5,1,0.003,1,Курганская область (1),Шадринск (Курганская область)
0,6,14,0.037,1,Новосибирская область (3); Кемеровская область (2); Республика Татарстан (1),Советский (Алтайский край)
1,0,6,0.017,0,Алтайский край (2); Пермский край (1); Нижегородская область (1),Рославльский (Смоленская область); Благовещенский (Алтайский край); Локтевский (Алтайский край)
1,1,287,0.811,10,,
1,2,45,0.127,13,Тверская область (8); Калужская область (6); Рязанская область (4),Козельский (Калужская область); Бежецкий (Тверская область); Ясногорский (Тульская область)
1,3,5,0.014,0,Владимирская область (2); Ленинградская область (1); Смоленская область (1),Вяземский (Смоленская область); Петушинский (Владимирская область); Приозерский (Ленинградская область)
1,4,3,0.008,1,Ленинградская область (2); Челябинская область (1),Волховский (Ленинградская область)
1,6,8,0.023,0,Республика Тыва (2); Красноярский край (1); Вологодская область (1),Кинешма (Ивановская область); Нижнеудинский (Иркутская область); Уренский (Нижегородская область)
2,0,8,0.023,0,Чувашская Республика (2); Республика Мордовия (1); Алтайский край (1),Катав-Ивановский (Челябинская область); Починковский (Нижегородская область); Троицкий (Алтайский край)
2,1,22,0.064,3,Самарская область (6); Орловская область (3); Волгоградская область (2),Сенгилеевский (Ульяновская область); Большечерниговский (Самарская область); Касимовский (Рязанская область)
2,2,302,0.883,23,,
2,3,5,0.015,0,Владимирская область (1); Московская область (1); Новгородская область (1),Мичуринск (Тамбовская область); Ржевский (Тверская область); Боровичский (Новгородская область)
2,5,3,0.009,2,Ставропольский край (1); Волгоградская область (1); Оренбургская область (1),Среднеахтубинский (Волгоградская область); Бугуруслан (Оренбургская область)
2,6,2,0.006,0,Пензенская область (1); Кемеровская область (1),Бессоновский (Пензенская область); Прокопьевский (Кемеровская область)
3,3,240,0.98,2,,
3,5,5,0.02,1,Пермский край (1); Ленинградская область (1); Самарская область (1),Арзамас (Нижегородская область)
4,0,8,0.029,1,Пермский край (2); Республика Башкортостан (1); Приморский край (1),Саракташский (Оренбургская область)
4,1,16,0.059,2,Свердловская область (4); Республика Карелия (3); Красноярский край (3),Кушвинский (Свердловская область); Кондопожский (Республика Карелия)
4,4,232,0.85,0,,
4,5,13,0.048,1,Свердловская область (3); Пермский край (2); Ленинградская область (2),Тихвинский (Ленинградская область)
4,6,4,0.015,0,Республика Коми (1); Красноярский край (1); Кемеровская область (1),Беловский (Кемеровская область); Тарский (Омская область); Шушенский (Красноярский край)
5,0,1,0.004,0,Республика Башкортостан (1),Миякинский (Республика Башкортостан)
5,2,2,0.008,0,Карачаево-Черкесская Республика (1); Свердловская область (1),Усть-Джегутинский (Карачаево-Черкесская Республика); Заречный (Свердловская область)
5,3,1,0.004,0,Волгоградская область (1),Камышин (Волгоградская область)
5,4,3,0.012,0,Приморский край (1); Вологодская область (1); Свердловская область (1),Артемовский (Приморский край); Среднеуральск (Свердловская область); Белозерский (Вологодская область)
5,5,249,0.965,0,,
5,6,2,0.008,0,Республика Адыгея (1); Забайкальский край (1),Кошехабльский (Республика Адыгея); Балейский (Забайкальский край)
6,0,12,0.071,2,Республика Башкортостан (3); Алтайский край (3); Омская область (2),Гафурийский (Республика Башкортостан); Балтачевский (Республика Башкортостан)
6,1,1,0.006,0,Тюменская область (1),Вагайский (Тюменская область)
6,4,17,0.101,0,Приморский край (5); Республика Саха (Якутия) (3); Забайкальский край (3),Черногорск (Республика Хакасия); Назарово (Красноярский край); Надеждинский (Приморский край)
6,5,18,0.107,2,Республика Башкортостан (4); Республика Татарстан (2); Красноярский край (2),Чишминский (Республика Башкортостан); Череповецкий (Вологодская область)
6,6,120,0.714,0,,
