from_q,to_q,from_type,to_type,n_mo
2023-Q1,2023-Q2,0,0,313
2023-Q1,2023-Q2,0,1,18
2023-Q1,2023-Q2,0,2,13
2023-Q1,2023-Q2,0,4,1
2023-Q1,2023-Q2,0,6,20
2023-Q1,2023-Q2,1,0,11
2023-Q1,2023-Q2,1,1,286
2023-Q1,2023-Q2,1,2,40
2023-Q1,2023-Q2,1,3,10
2023-Q1,2023-Q2,1,6,8
2023-Q1,2023-Q2,2,0,13
2023-Q1,2023-Q2,2,1,28
2023-Q1,2023-Q2,2,2,261
2023-Q1,2023-Q2,2,3,3
2023-Q1,2023-Q2,2,5,13
2023-Q1,2023-Q2,2,6,2
2023-Q1,2023-Q2,3,1,2
2023-Q1,2023-Q2,3,2,2
2023-Q1,2023-Q2,3,3,230
2023-Q1,2023-Q2,3,5,2
2023-Q1,2023-Q2,3,6,1
2023-Q1,2023-Q2,4,0,13
2023-Q1,2023-Q2,4,1,15
2023-Q1,2023-Q2,4,3,2
2023-Q1,2023-Q2,4,4,247
2023-Q1,2023-Q2,4,5,7
2023-Q1,2023-Q2,4,6,19
2023-Q1,2023-Q2,5,0,1
2023-Q1,2023-Q2,5,2,2
2023-Q1,2023-Q2,5,3,108
2023-Q1,2023-Q2,5,4,2
2023-Q1,2023-Q2,5,5,113
2023-Q1,2023-Q2,5,6,4
2023-Q1,2023-Q2,6,0,28
2023-Q1,2023-Q2,6,1,6
2023-Q1,2023-Q2,6,2,3
2023-Q1,2023-Q2,6,4,23
2023-Q1,2023-Q2,6,5,32
2023-Q1,2023-Q2,6,6,114
2023-Q2,2023-Q3,0,0,309
2023-Q2,2023-Q3,0,1,35
2023-Q2,2023-Q3,0,2,17
2023-Q2,2023-Q3,0,4,6
2023-Q2,2023-Q3,0,6,12
2023-Q2,2023-Q3,1,0,2
2023-Q2,2023-Q3,1,1,287
2023-Q2,2023-Q3,1,2,55
2023-Q2,2023-Q3,1,3,2
2023-Q2,2023-Q3,1,4,2
2023-Q2,2023-Q3,1,6,7
2023-Q2,2023-Q3,2,0,2
2023-Q2,2023-Q3,2,1,37
2023-Q2,2023-Q3,2,2,271
2023-Q2,2023-Q3,2,3,2
2023-Q2,2023-Q3,2,4,1
2023-Q2,2023-Q3,2,5,1
2023-Q2,2023-Q3,2,6,7
2023-Q2,2023-Q3,3,2,3
2023-Q2,2023-Q3,3,3,237
2023-Q2,2023-Q3,3,4,2
2023-Q2,2023-Q3,3,5,111
2023-Q2,2023-Q3,4,0,10
2023-Q2,2023-Q3,4,1,8
2023-Q2,2023-Q3,4,4,244
2023-Q2,2023-Q3,4,6,11
2023-Q2,2023-Q3,5,0,2
2023-Q2,2023-Q3,5,2,3
2023-Q2,2023-Q3,5,3,1
2023-Q2,2023-Q3,5,4,9
2023-Q2,2023-Q3,5,5,136
2023-Q2,2023-Q3,5,6,16
2023-Q2,2023-Q3,6,0,22
2023-Q2,2023-Q3,6,1,8
2023-Q2,2023-Q3,6,2,2
2023-Q2,2023-Q3,6,3,1
2023-Q2,2023-Q3,6,4,21
2023-Q2,2023-Q3,6,5,6
2023-Q2,2023-Q3,6,6,108
2023-Q3,2023-Q4,0,0,314
2023-Q3,2023-Q4,0,1,7
2023-Q3,2023-Q4,0,2,4
2023-Q3,2023-Q4,0,4,4
2023-Q3,2023-Q4,0,6,18
2023-Q3,2023-Q4,1,0,30
2023-Q3,2023-Q4,1,1,301
2023-Q3,2023-Q4,1,2,32
2023-Q3,2023-Q4,1,3,2
2023-Q3,2023-Q4,1,4,7
2023-Q3,2023-Q4,1,6,3
2023-Q3,2023-Q4,2,0,10
2023-Q3,2023-Q4,2,1,35
2023-Q3,2023-Q4,2,2,294
2023-Q3,2023-Q4,2,3,10
2023-Q3,2023-Q4,2,5,1
2023-Q3,2023-Q4,2,6,1
2023-Q3,2023-Q4,3,1,1
2023-Q3,2023-Q4,3,2,1
2023-Q3,2023-Q4,3,3,236
2023-Q3,2023-Q4,3,5,5
2023-Q3,2023-Q4,4,0,8
2023-Q3,2023-Q4,4,1,4
2023-Q3,2023-Q4,4,2,1
2023-Q3,2023-Q4,4,4,184
2023-Q3,2023-Q4,4,5,10
2023-Q3,2023-Q4,4,6,78
2023-Q3,2023-Q4,5,0,1
2023-Q3,2023-Q4,5,2,3
2023-Q3,2023-Q4,5,3,2
2023-Q3,2023-Q4,5,4,1
2023-Q3,2023-Q4,5,5,243
2023-Q3,2023-Q4,5,6,4
2023-Q3,2023-Q4,6,0,17
2023-Q3,2023-Q4,6,1,4
2023-Q3,2023-Q4,6,2,6
2023-Q3,2023-Q4,6,3,1
2023-Q3,2023-Q4,6,4,3
2023-Q3,2023-Q4,6,5,11
2023-Q3,2023-Q4,6,6,119
2023-Q4,2024-Q1,0,0,296
2023-Q4,2024-Q1,0,1,48
2023-Q4,2024-Q1,0,2,6
2023-Q4,2024-Q1,0,4,9
2023-Q4,2024-Q1,0,6,21
2023-Q4,2024-Q1,1,0,18
2023-Q4,2024-Q1,1,1,260
2023-Q4,2024-Q1,1,2,72
2023-Q4,2024-Q1,1,4,1
2023-Q4,2024-Q1,1,6,1
2023-Q4,2024-Q1,2,0,25
2023-Q4,2024-Q1,2,1,14
2023-Q4,2024-Q1,2,2,291
2023-Q4,2024-Q1,2,3,4
2023-Q4,2024-Q1,2,4,1
2023-Q4,2024-Q1,2,5,2
2023-Q4,2024-Q1,2,6,4
2023-Q4,2024-Q1,3,1,1
2023-Q4,2024-Q1,3,2,2
2023-Q4,2024-Q1,3,3,247
2023-Q4,2024-Q1,3,6,1
2023-Q4,2024-Q1,4,0,1
2023-Q4,2024-Q1,4,1,10
2023-Q4,2024-Q1,4,4,181
2023-Q4,2024-Q1,4,5,6
2023-Q4,2024-Q1,4,6,1
2023-Q4,2024-Q1,5,2,5
2023-Q4,2024-Q1,5,3,1
2023-Q4,2024-Q1,5,4,1
2023-Q4,2024-Q1,5,5,255
2023-Q4,2024-Q1,5,6,8
2023-Q4,2024-Q1,6,0,13
2023-Q4,2024-Q1,6,1,5
2023-Q4,2024-Q1,6,4,74
2023-Q4,2024-Q1,6,5,14
2023-Q4,2024-Q1,6,6,117
2024-Q1,2024-Q2,0,0,280
2024-Q1,2024-Q2,0,1,17
2024-Q1,2024-Q2,0,2,45
2024-Q1,2024-Q2,0,4,5
2024-Q1,2024-Q2,0,5,1
2024-Q1,2024-Q2,0,6,5
2024-Q1,2024-Q2,1,0,38
2024-Q1,2024-Q2,1,1,262
2024-Q1,2024-Q2,1,2,26
2024-Q1,2024-Q2,1,3,2
2024-Q1,2024-Q2,1,4,10
2024-Q1,2024-Q2,2,0,5
2024-Q1,2024-Q2,2,1,39
2024-Q1,2024-Q2,2,2,318
2024-Q1,2024-Q2,2,3,2
2024-Q1,2024-Q2,2,5,5
2024-Q1,2024-Q2,2,6,7
2024-Q1,2024-Q2,3,1,1
2024-Q1,2024-Q2,3,2,3
2024-Q1,2024-Q2,3,3,248
2024-Q1,2024-Q2,4,0,12
2024-Q1,2024-Q2,4,1,4
2024-Q1,2024-Q2,4,4,240
2024-Q1,2024-Q2,4,5,9
2024-Q1,2024-Q2,4,6,2
2024-Q1,2024-Q2,5,2,1
2024-Q1,2024-Q2,5,3,4
2024-Q1,2024-Q2,5,4,3
2024-Q1,2024-Q2,5,5,259
2024-Q1,2024-Q2,5,6,10
2024-Q1,2024-Q2,6,0,33
2024-Q1,2024-Q2,6,1,10
2024-Q1,2024-Q2,6,2,1
2024-Q1,2024-Q2,6,4,25
2024-Q1,2024-Q2,6,5,3
2024-Q1,2024-Q2,6,6,81
2024-Q2,2024-Q3,0,0,308
2024-Q2,2024-Q3,0,1,17
2024-Q2,2024-Q3,0,2,10
2024-Q2,2024-Q3,0,4,4
2024-Q2,2024-Q3,0,6,29
2024-Q2,2024-Q3,1,0,10
2024-Q2,2024-Q3,1,1,281
2024-Q2,2024-Q3,1,2,19
2024-Q2,2024-Q3,1,4,4
2024-Q2,2024-Q3,1,6,19
2024-Q2,2024-Q3,2,0,15
2024-Q2,2024-Q3,2,1,74
2024-Q2,2024-Q3,2,2,292
2024-Q2,2024-Q3,2,3,4
2024-Q2,2024-Q3,2,4,1
2024-Q2,2024-Q3,2,5,1
2024-Q2,2024-Q3,2,6,7
2024-Q2,2024-Q3,3,1,1
2024-Q2,2024-Q3,3,2,4
2024-Q2,2024-Q3,3,3,241
2024-Q2,2024-Q3,3,4,1
2024-Q2,2024-Q3,3,5,9
2024-Q2,2024-Q3,4,0,8
2024-Q2,2024-Q3,4,1,10
2024-Q2,2024-Q3,4,2,1
2024-Q2,2024-Q3,4,4,227
2024-Q2,2024-Q3,4,5,1
2024-Q2,2024-Q3,4,6,36
2024-Q2,2024-Q3,5,2,2
2024-Q2,2024-Q3,5,4,11
2024-Q2,2024-Q3,5,5,260
2024-Q2,2024-Q3,5,6,4
2024-Q2,2024-Q3,6,0,1
2024-Q2,2024-Q3,6,1,2
2024-Q2,2024-Q3,6,2,5
2024-Q2,2024-Q3,6,4,1
2024-Q2,2024-Q3,6,5,13
2024-Q2,2024-Q3,6,6,83
2024-Q3,2024-Q4,0,0,279
2024-Q3,2024-Q4,0,1,22
2024-Q3,2024-Q4,0,2,6
2024-Q3,2024-Q4,0,4,11
2024-Q3,2024-Q4,0,6,24
2024-Q3,2024-Q4,1,0,20
2024-Q3,2024-Q4,1,1,291
2024-Q3,2024-Q4,1,2,56
2024-Q3,2024-Q4,1,3,2
2024-Q3,2024-Q4,1,4,3
2024-Q3,2024-Q4,1,6,13
2024-Q3,2024-Q4,2,0,22
2024-Q3,2024-Q4,2,1,24
2024-Q3,2024-Q4,2,2,278
2024-Q3,2024-Q4,2,3,4
2024-Q3,2024-Q4,2,5,4
2024-Q3,2024-Q4,2,6,1
2024-Q3,2024-Q4,3,1,1
2024-Q3,2024-Q4,3,2,1
2024-Q3,2024-Q4,3,3,240
2024-Q3,2024-Q4,3,5,3
2024-Q3,2024-Q4,4,1,4
2024-Q3,2024-Q4,4,3,2
2024-Q3,2024-Q4,4,4,225
2024-Q3,2024-Q4,4,5,7
2024-Q3,2024-Q4,4,6,11
2024-Q3,2024-Q4,5,3,115
2024-Q3,2024-Q4,5,4,1
2024-Q3,2024-Q4,5,5,168
2024-Q3,2024-Q4,6,0,8
2024-Q3,2024-Q4,6,1,5
2024-Q3,2024-Q4,6,2,3
2024-Q3,2024-Q4,6,3,1
2024-Q3,2024-Q4,6,4,13
2024-Q3,2024-Q4,6,5,20
2024-Q3,2024-Q4,6,6,128
