method,K,stay_share,median_switches,modal_share,ari_next_month,ari_month_vs_all,min_types_in_month
kmeans,7,0.1527777777777778,10.0,0.6714823082010583,0.522008695803309,0.31161460522398404,7
kmeans,8,0.13640873015873015,9.0,0.668051421957672,0.5652583319281832,0.283622944855808,8
leiden,4,1.0,0.0,1.0,1.0,1.0,4
leiden,7,1.0,0.0,1.0,1.0,1.0,7
leiden,8,1.0,0.0,1.0,1.0,1.0,8
ward,7,0.05803571428571429,13.0,0.5931506283068783,0.3490669851603095,0.2585327623469597,7
ward,8,0.042162698412698416,13.0,0.5737640542328042,0.3624031384542129,0.2401784330892698,8
gmm,4,0.2728174603174603,4.0,0.8235367063492064,0.7256363149753878,0.4844560734386926,4
gmm,7,0.07837301587301587,10.0,0.7208581349206349,0.5039956424438542,0.4243632615528294,7
gmm,8,0.059027777777777776,9.0,0.6962632275132276,0.5443357880111651,0.4469484917021229,8
spectral,4,1.0,0.0,1.0,1.0,1.0,4
spectral,7,1.0,0.0,1.0,1.0,1.0,7
spectral,8,1.0,0.0,1.0,1.0,1.0,8
kefrin,7,0.13839285714285715,7.0,0.7712673611111112,0.614067983338686,0.36286911560567753,7
kefrin,8,0.08531746031746032,9.0,0.675863921957672,0.5542702227689142,0.3538374801421102,8
kefrin,10,0.06597222222222222,11.0,0.6499049272486772,0.5374981149263109,0.33717437090935437,10
canus,7,0.18353174603174602,7.0,0.7339409722222222,0.6312878786174141,0.35939317548733957,7
canus,8,0.17956349206349206,8.0,0.7093460648148148,0.5818676095189314,0.3331598559917645,8
canus,9,0.18204365079365079,8.0,0.7047371031746031,0.5914061921322127,0.35464851094955846,9
patterns,4,0.08978174603174603,3.0,0.7298487103174603,0.6575540534743141,0.47298170104599,4
patterns,7,0.05406746031746032,6.0,0.6421544312169312,0.5501171693896367,0.4117308412661389,7
patterns,8,0.04662698412698413,6.0,0.617166832010582,0.5330132340793747,0.40231207598509117,8
