method,name,family,variant,period,K,SW,CH,S_Dbw,AVI,AVU,MQ,z_SW,z_CH,z_S_Dbw,z_AVI,z_AVU,z_MQ
kmeans,k-means по признакам,baseline,common,all,7,0.14702046226993307,339.87858472723616,0.577634381067349,0.5263694679175548,0.5451920626380116,0.4251000157688798,32.08521746684808,1249.2435724866448,-79.94533766542432,180.90131981210672,9.598089918507796,196.7934889582331
kmeans,k-means по признакам,baseline,common,month_median,7,0.19461809746788916,647.8312083856841,0.44628530916311204,0.4901682941155676,0.5093262977536838,0.3583843475973084,34.20869551423271,2363.7831545612644,-12.760410660496962,154.55931329896111,-10.602934885095127,170.01634333929073
leiden,Leiden по графу,baseline,common,all,7,0.03735446872455377,201.95717519985726,0.6007586758371367,0.8423499755088378,0.5389564342168125,0.6760814205478071,8.916007531461773,835.4163287000761,-42.455523366741325,289.3729334413754,14.23951503363977,268.50190619348757
leiden,Leiden по графу,baseline,common,month_median,7,0.03244068433088908,280.5689548007084,0.6961632756982861,0.8423499755088378,0.5389564342168125,0.6760814205478071,5.67726027662227,794.0638371652885,-10.118986980387675,259.5466754377697,12.70324264668749,238.56735188595513
kefrin,"KEFRiN (Шалилех, Миркин)",jury,common,all,7,0.10475067458448914,301.4601972039193,0.5681692884950236,0.636524310477644,0.5665674719529087,0.505408653251217,27.018108831664403,1140.1554961825586,-114.78436907767926,222.0375923908241,22.96179651837398,228.76681179678525
kefrin,"KEFRiN (Шалилех, Миркин)",jury,common,month_median,7,0.14987275736028302,531.3352535725797,0.5180474755204322,0.5453721251031083,0.5487304853428987,0.44168522699968005,26.98102762779966,1799.0022410746922,-13.022668198837328,194.4068982875392,11.129240469113409,209.45461362447523
canus,CANUS (Шалилех),jury,common,all,7,0.11722941421800517,286.74362889916847,0.6257308799587697,0.5467174512057833,0.5675267767005917,0.44687089364207133,29.520187459534124,1155.8824046815087,-73.40262471815437,186.39471392953632,22.549202648317483,200.94270024322728
canus,CANUS (Шалилех),jury,common,month_median,7,0.15794589086008945,489.56943616724607,0.526434370106611,0.4689746882015291,0.5571684409002302,0.3714799907045951,26.750385769238363,1755.5261556423875,-10.06778708272796,167.50223069187507,17.038899815292616,190.02337711999746
patterns,"Паттерны (Алескеров, Мячин), слияние до K",jury,common,all,7,0.06390126011502313,196.9334682783505,0.759626474727507,0.3679443789677368,0.5281379362126634,0.302123958452741,14.392313990171342,751.3499749570223,-27.191794780074005,117.59988281274038,13.596100905089287,145.3004798491724
patterns,"Паттерны (Алескеров, Мячин), слияние до K",jury,common,month_median,7,0.08799178628144753,355.9029437927069,0.7452293226227544,0.35771442283312616,0.45790924854715603,0.2931970979455032,8.089954006142554,1117.9146034908586,-6.6804049651109025,97.8144941422971,10.633005580764513,115.61115555196795
kmeans,k-means по признакам,baseline,best,all,8,0.12059597121310676,308.91724019827717,0.5317467918692708,0.5090962988642191,0.5349486895452515,0.3984015921429837,26.744630794942594,1304.487343613004,-93.18520595586946,191.6093165824019,7.660792715596095,192.98418451682446
kmeans,k-means по признакам,baseline,best,month_median,8,0.19310919442667096,606.4772052912027,0.41476293365054573,0.44292802837604317,0.5023078599175674,0.34882191260221257,32.849088313510634,2337.2211791631726,-12.05159785412875,158.4076641103447,-10.581865114462802,180.80151907964404
leiden,Leiden по графу,baseline,best,all,4,0.10310888057745651,308.71954904669985,0.5038694097967886,0.9407873187611671,0.5508931875589812,0.5858537949407373,12.697902208037055,872.4073269149737,-5.184699709835806,237.10313262234513,11.768757847389768,196.9619541329665
leiden,Leiden по графу,baseline,best,month_median,4,0.11172422343694322,395.8738512727158,0.6168504831693331,0.9407873187611671,0.5508931875589812,0.5858537949407373,9.146252897547058,720.5644224608511,-15.00082345724479,206.7102639825973,9.294374192128457,183.78076661974785
kefrin,"KEFRiN (Шалилех, Миркин)",jury,best,all,10,0.09471768913831462,233.66758638261152,0.5182309036878918,0.6152488847224266,0.5120138166233688,0.520571190338852,20.030509390174778,1077.3393346216583,-66.12495056064127,276.85527369333005,5.379708773653103,275.67797715691694
kefrin,"KEFRiN (Шалилех, Миркин)",jury,best,month_median,10,0.1297074757640717,427.4498049842041,0.38760456999619064,0.5241622432205892,0.5097006859259972,0.4604380765651872,19.073275187325414,1922.1770212991073,-12.19783872084274,249.37870249521836,5.28891131621846,237.09999669153652
canus,CANUS (Шалилех),jury,best,all,9,0.09143699230702002,249.87392179075363,0.5547409478039994,0.556623389030814,0.5507213811753644,0.4859133302752089,22.964706640458783,1227.3831060228645,-88.21068709955682,248.48739873028023,17.643847109847577,259.75399762292733
canus,CANUS (Шалилех),jury,best,month_median,9,0.12233136262734025,429.5652242095059,0.4261169121999797,0.45795973002612334,0.5422246539022127,0.40022277611652735,17.72508738629068,1698.6676497163003,-11.160759705761462,192.29065829543026,17.73654245942256,209.79573127011244
patterns,"Паттерны (Алескеров, Мячин), слияние до K",jury,best,all,4,0.10881694281811014,323.6173113595416,0.7506846950916984,0.5721796391720474,0.645115133904001,0.3471136384097894,24.89057656823185,866.3385101195544,-4.421017279901467,126.24432283353524,38.297362675961594,130.58722780390636
patterns,"Паттерны (Алескеров, Мячин), слияние до K",jury,best,month_median,4,0.16974942287420014,551.0254708285574,1.4073839326022737,0.5639233514297767,0.5981140491621231,0.3380369703160719,20.290081035718522,1297.0315330362916,-8.196200409656425,128.46102257954342,18.24564567717953,128.18152519375883
