variant,period,method,name,family,K,grade_SW,grade_CH,grade_S_Dbw,grade_z_AVI,grade_z_AVU,grade_MQ,n_grade1,n_grade2,n_grade3,threshold_place,threshold_place_without_AVU,borda_points,borda_place,borda_place_without_AVU,threshold_place_leader_same_without_AVU,borda_place_leader_same_without_AVU,note,best_K,best_K_without_AVU
common,all,kefrin,"KEFRiN (Шалилех, Миркин)",jury,7,2,2,1,2,3,2,1,4,1,1,1,15.0,2,1,True,False,"AVU участвует с оговоркой: в формуле лаборатории он зависит только от формы разреза, не от его доли в весе графа (z у хороших разбиений бывает «хуже случайного»); место без AVU — threshold_place_without_AVU",10,10
common,all,kmeans,k-means по признакам,baseline,7,1,1,2,3,1,3,3,1,2,2,3,17.0,1,2,True,False,"AVU участвует с оговоркой: в формуле лаборатории он зависит только от формы разреза, не от его доли в весе графа (z у хороших разбиений бывает «хуже случайного»); место без AVU — threshold_place_without_AVU",8,5
common,all,leiden,Leiden по графу,baseline,7,3,3,2,1,2,1,2,2,2,3,3,13.0,3,3,True,False,"AVU участвует с оговоркой: в формуле лаборатории он зависит только от формы разреза, не от его доли в весе графа (z у хороших разбиений бывает «хуже случайного»); место без AVU — threshold_place_without_AVU",4,7
common,all,canus,CANUS (Шалилех),jury,7,2,2,3,2,3,2,0,4,2,4,2,11.0,4,4,True,False,"AVU участвует с оговоркой: в формуле лаборатории он зависит только от формы разреза, не от его доли в весе графа (z у хороших разбиений бывает «хуже случайного»); место без AVU — threshold_place_without_AVU",9,9
common,all,patterns,"Паттерны (Алескеров, Мячин), слияние до K",jury,7,3,3,3,3,2,3,0,1,5,5,5,4.0,5,5,True,False,"AVU участвует с оговоркой: в формуле лаборатории он зависит только от формы разреза, не от его доли в весе графа (z у хороших разбиений бывает «хуже случайного»); место без AVU — threshold_place_without_AVU",4,4
common,month_median,kefrin,"KEFRiN (Шалилех, Миркин)",jury,7,2,2,2,2,2,2,0,6,0,1,1,16.0,2,1,False,False,"AVU участвует с оговоркой: в формуле лаборатории он зависит только от формы разреза, не от его доли в весе графа (z у хороших разбиений бывает «хуже случайного»); место без AVU — threshold_place_without_AVU",10,10
common,month_median,canus,CANUS (Шалилех),jury,7,2,2,2,2,3,2,0,5,1,2,1,11.0,3,3,False,False,"AVU участвует с оговоркой: в формуле лаборатории он зависит только от формы разреза, не от его доли в весе графа (z у хороших разбиений бывает «хуже случайного»); место без AVU — threshold_place_without_AVU",9,9
common,month_median,kmeans,k-means по признакам,baseline,7,1,1,1,3,1,3,4,0,2,3,3,18.0,1,1,False,False,"AVU участвует с оговоркой: в формуле лаборатории он зависит только от формы разреза, не от его доли в весе графа (z у хороших разбиений бывает «хуже случайного»); место без AVU — threshold_place_without_AVU",8,5
common,month_median,leiden,Leiden по графу,baseline,7,3,3,3,1,3,1,2,0,4,4,4,10.0,4,4,False,False,"AVU участвует с оговоркой: в формуле лаборатории он зависит только от формы разреза, не от его доли в весе графа (z у хороших разбиений бывает «хуже случайного»); место без AVU — threshold_place_without_AVU",4,7
common,month_median,patterns,"Паттерны (Алескеров, Мячин), слияние до K",jury,7,3,3,3,3,2,3,0,1,5,5,5,5.0,5,5,False,False,"AVU участвует с оговоркой: в формуле лаборатории он зависит только от формы разреза, не от его доли в весе графа (z у хороших разбиений бывает «хуже случайного»); место без AVU — threshold_place_without_AVU",4,4
best,all,leiden,Leiden по графу,baseline,4,2,2,1,2,2,1,2,4,0,1,1,16.0,1,1,True,True,"AVU участвует с оговоркой: в формуле лаборатории он зависит только от формы разреза, не от его доли в весе графа (z у хороших разбиений бывает «хуже случайного»); место без AVU — threshold_place_without_AVU",4,7
best,all,kefrin,"KEFRiN (Шалилех, Миркин)",jury,10,3,3,2,1,1,2,2,2,2,2,2,15.0,2,2,True,True,"AVU участвует с оговоркой: в формуле лаборатории он зависит только от формы разреза, не от его доли в весе графа (z у хороших разбиений бывает «хуже случайного»); место без AVU — threshold_place_without_AVU",10,10
best,all,kmeans,k-means по признакам,baseline,8,1,2,2,3,2,3,1,3,2,3,2,14.0,3,2,True,True,"AVU участвует с оговоркой: в формуле лаборатории он зависит только от формы разреза, не от его доли в весе графа (z у хороших разбиений бывает «хуже случайного»); место без AVU — threshold_place_without_AVU",8,5
best,all,patterns,"Паттерны (Алескеров, Мячин), слияние до K",jury,4,2,1,3,3,3,3,1,1,4,4,4,7.0,5,4,True,True,"AVU участвует с оговоркой: в формуле лаборатории он зависит только от формы разреза, не от его доли в весе графа (z у хороших разбиений бывает «хуже случайного»); место без AVU — threshold_place_without_AVU",4,4
best,all,canus,CANUS (Шалилех),jury,9,3,3,3,2,3,2,0,2,4,5,5,8.0,4,4,True,True,"AVU участвует с оговоркой: в формуле лаборатории он зависит только от формы разреза, не от его доли в весе графа (z у хороших разбиений бывает «хуже случайного»); место без AVU — threshold_place_without_AVU",9,9
best,month_median,kefrin,"KEFRiN (Шалилех, Миркин)",jury,10,2,3,1,1,2,2,2,3,1,1,1,17.0,1,1,True,False,"AVU участвует с оговоркой: в формуле лаборатории он зависит только от формы разреза, не от его доли в весе графа (z у хороших разбиений бывает «хуже случайного»); место без AVU — threshold_place_without_AVU",10,10
best,month_median,kmeans,k-means по признакам,baseline,8,1,1,2,3,1,3,3,1,2,2,3,17.0,1,2,True,False,"AVU участвует с оговоркой: в формуле лаборатории он зависит только от формы разреза, не от его доли в весе графа (z у хороших разбиений бывает «хуже случайного»); место без AVU — threshold_place_without_AVU",8,5
best,month_median,canus,CANUS (Шалилех),jury,9,3,2,2,2,3,2,0,4,2,3,2,10.0,3,3,True,False,"AVU участвует с оговоркой: в формуле лаборатории он зависит только от формы разреза, не от его доли в весе графа (z у хороших разбиений бывает «хуже случайного»); место без AVU — threshold_place_without_AVU",9,9
best,month_median,leiden,Leiden по графу,baseline,4,3,3,3,2,2,1,1,2,3,4,4,10.0,3,4,True,False,"AVU участвует с оговоркой: в формуле лаборатории он зависит только от формы разреза, не от его доли в весе графа (z у хороших разбиений бывает «хуже случайного»); место без AVU — threshold_place_without_AVU",4,7
best,month_median,patterns,"Паттерны (Алескеров, Мячин), слияние до K",jury,4,2,2,3,3,3,3,0,2,4,5,5,6.0,5,5,True,False,"AVU участвует с оговоркой: в формуле лаборатории он зависит только от формы разреза, не от его доли в весе графа (z у хороших разбиений бывает «хуже случайного»); место без AVU — threshold_place_without_AVU",4,4
